"","well","content","replicate","content_replicate","format","plate_ID","instrument","phase","final"
"20221110_M2.1","A01","blank",1,"blank_1-20221110_M2",96,"20221110_M2","M2","P","0"
"20221110_M2.2","A02","neg",1,"neg_1-20221110_M2",96,"20221110_M2","M2","P","0"
"20221110_M2.3","A03","pos",1,"pos_1-20221110_M2",96,"20221110_M2","M2","P","0"
"20221110_M2.4","A04","2P.-1",1,"2P.-1_1",96,"20221110_M2","M2","P","0"
"20221110_M2.5","A05","2P.-2",1,"2P.-2_1",96,"20221110_M2","M2","P","0"
"20221110_M2.6","A06","2P.-3",1,"2P.-3_1",96,"20221110_M2","M2","P","0"
"20221110_M2.7","A07","4P.-1",1,"4P.-1_1",96,"20221110_M2","M2","P","0"
"20221110_M2.8","A08","4P.-2",1,"4P.-2_1",96,"20221110_M2","M2","P","0"
"20221110_M2.9","A09","4P.-3",1,"4P.-3_1",96,"20221110_M2","M2","P","0"
"20221110_M2.10","A10","5P.-1",1,"5P.-1_1",96,"20221110_M2","M2","P","0"
"20221110_M2.11","A11","5P.-2",1,"5P.-2_1",96,"20221110_M2","M2","P","0"
"20221110_M2.12","A12","5P.-3",1,"5P.-3_1",96,"20221110_M2","M2","P","0"
"20221110_M2.13","B01","blank",2,"blank_2-20221110_M2",96,"20221110_M2","M2","P","0"
"20221110_M2.14","B02","neg",2,"neg_2-20221110_M2",96,"20221110_M2","M2","P","0"
"20221110_M2.15","B03","pos",2,"pos_2-20221110_M2",96,"20221110_M2","M2","P","0"
"20221110_M2.16","B04","2P.-1",2,"2P.-1_2",96,"20221110_M2","M2","P","0"
"20221110_M2.17","B05","2P.-2",2,"2P.-2_2",96,"20221110_M2","M2","P","0"
"20221110_M2.18","B06","2P.-3",2,"2P.-3_2",96,"20221110_M2","M2","P","0"
"20221110_M2.19","B07","4P.-1",2,"4P.-1_2",96,"20221110_M2","M2","P","0"
"20221110_M2.20","B08","4P.-2",2,"4P.-2_2",96,"20221110_M2","M2","P","0"
"20221110_M2.21","B09","4P.-3",2,"4P.-3_2",96,"20221110_M2","M2","P","0"
"20221110_M2.22","B10","5P.-1",2,"5P.-1_2",96,"20221110_M2","M2","P","0"
"20221110_M2.23","B11","5P.-2",2,"5P.-2_2",96,"20221110_M2","M2","P","0"
"20221110_M2.24","B12","5P.-3",2,"5P.-3_2",96,"20221110_M2","M2","P","0"
"20221110_M2.25","C01","blank",3,"blank_3-20221110_M2",96,"20221110_M2","M2","P","0"
"20221110_M2.26","C02","neg",3,"neg_3-20221110_M2",96,"20221110_M2","M2","P","0"
"20221110_M2.27","C03","pos",3,"pos_3-20221110_M2",96,"20221110_M2","M2","P","0"
"20221110_M2.28","C04","2P.-1",3,"2P.-1_3",96,"20221110_M2","M2","P","0"
"20221110_M2.29","C05","2P.-2",3,"2P.-2_3",96,"20221110_M2","M2","P","0"
"20221110_M2.30","C06","2P.-3",3,"2P.-3_3",96,"20221110_M2","M2","P","0"
"20221110_M2.31","C07","4P.-1",3,"4P.-1_3",96,"20221110_M2","M2","P","0"
"20221110_M2.32","C08","4P.-2",3,"4P.-2_3",96,"20221110_M2","M2","P","0"
"20221110_M2.33","C09","4P.-3",3,"4P.-3_3",96,"20221110_M2","M2","P","0"
"20221110_M2.34","C10","5P.-1",3,"5P.-1_3",96,"20221110_M2","M2","P","0"
"20221110_M2.35","C11","5P.-2",3,"5P.-2_3",96,"20221110_M2","M2","P","0"
"20221110_M2.36","C12","5P.-3",3,"5P.-3_3",96,"20221110_M2","M2","P","0"
"20221110_M2.37","D01","blank",4,"blank_4-20221110_M2",96,"20221110_M2","M2","P","0"
"20221110_M2.38","D02","neg",4,"neg_4-20221110_M2",96,"20221110_M2","M2","P","0"
"20221110_M2.39","D03","pos",4,"pos_4-20221110_M2",96,"20221110_M2","M2","P","0"
"20221110_M2.40","D04","2P.-1",4,"2P.-1_4",96,"20221110_M2","M2","P","0"
"20221110_M2.41","D05","2P.-2",4,"2P.-2_4",96,"20221110_M2","M2","P","0"
"20221110_M2.42","D06","2P.-3",4,"2P.-3_4",96,"20221110_M2","M2","P","0"
"20221110_M2.43","D07","4P.-1",4,"4P.-1_4",96,"20221110_M2","M2","P","0"
"20221110_M2.44","D08","4P.-2",4,"4P.-2_4",96,"20221110_M2","M2","P","0"
"20221110_M2.45","D09","4P.-3",4,"4P.-3_4",96,"20221110_M2","M2","P","0"
"20221110_M2.46","D10","5P.-1",4,"5P.-1_4",96,"20221110_M2","M2","P","0"
"20221110_M2.47","D11","5P.-2",4,"5P.-2_4",96,"20221110_M2","M2","P","0"
"20221110_M2.48","D12","5P.-3",4,"5P.-3_4",96,"20221110_M2","M2","P","0"
"20221110_M2.49","E01","blank",5,"blank_5-20221110_M2",96,"20221110_M2","M2","P","0"
"20221110_M2.50","E02","neg",5,"neg_5-20221110_M2",96,"20221110_M2","M2","P","0"
"20221110_M2.51","E03","pos",5,"pos_5-20221110_M2",96,"20221110_M2","M2","P","0"
"20221110_M2.52","E04","6P.-1",1,"6P.-1_1",96,"20221110_M2","M2","P","0"
"20221110_M2.53","E05","6P.-2",1,"6P.-2_1",96,"20221110_M2","M2","P","0"
"20221110_M2.54","E06","6P.-3",1,"6P.-3_1",96,"20221110_M2","M2","P","0"
"20221110_M2.55","E07","8P.-1",1,"8P.-1_1",96,"20221110_M2","M2","P","0"
"20221110_M2.56","E08","8P.-2",1,"8P.-2_1",96,"20221110_M2","M2","P","0"
"20221110_M2.57","E09","8P.-3",1,"8P.-3_1",96,"20221110_M2","M2","P","0"
"20221110_M2.58","E10","9P.-1",1,"9P.-1_1",96,"20221110_M2","M2","P","0"
"20221110_M2.59","E11","9P.-2",1,"9P.-2_1",96,"20221110_M2","M2","P","0"
"20221110_M2.60","E12","9P.-3",1,"9P.-3_1",96,"20221110_M2","M2","P","0"
"20221110_M2.61","F01","blank",6,"blank_6-20221110_M2",96,"20221110_M2","M2","P","0"
"20221110_M2.62","F02","neg",6,"neg_6-20221110_M2",96,"20221110_M2","M2","P","0"
"20221110_M2.63","F03","pos",6,"pos_6-20221110_M2",96,"20221110_M2","M2","P","0"
"20221110_M2.64","F04","6P.-1",2,"6P.-1_2",96,"20221110_M2","M2","P","0"
"20221110_M2.65","F05","6P.-2",2,"6P.-2_2",96,"20221110_M2","M2","P","0"
"20221110_M2.66","F06","6P.-3",2,"6P.-3_2",96,"20221110_M2","M2","P","0"
"20221110_M2.67","F07","8P.-1",2,"8P.-1_2",96,"20221110_M2","M2","P","0"
"20221110_M2.68","F08","8P.-2",2,"8P.-2_2",96,"20221110_M2","M2","P","0"
"20221110_M2.69","F09","8P.-3",2,"8P.-3_2",96,"20221110_M2","M2","P","0"
"20221110_M2.70","F10","9P.-1",2,"9P.-1_2",96,"20221110_M2","M2","P","0"
"20221110_M2.71","F11","9P.-2",2,"9P.-2_2",96,"20221110_M2","M2","P","0"
"20221110_M2.72","F12","9P.-3",2,"9P.-3_2",96,"20221110_M2","M2","P","0"
"20221110_M2.73","G01","blank",7,"blank_7-20221110_M2",96,"20221110_M2","M2","P","0"
"20221110_M2.74","G02","neg",7,"neg_7-20221110_M2",96,"20221110_M2","M2","P","0"
"20221110_M2.75","G03","pos",7,"pos_7-20221110_M2",96,"20221110_M2","M2","P","0"
"20221110_M2.76","G04","6P.-1",3,"6P.-1_3",96,"20221110_M2","M2","P","0"
"20221110_M2.77","G05","6P.-2",3,"6P.-2_3",96,"20221110_M2","M2","P","0"
"20221110_M2.78","G06","6P.-3",3,"6P.-3_3",96,"20221110_M2","M2","P","0"
"20221110_M2.79","G07","8P.-1",3,"8P.-1_3",96,"20221110_M2","M2","P","0"
"20221110_M2.80","G08","8P.-2",3,"8P.-2_3",96,"20221110_M2","M2","P","0"
"20221110_M2.81","G09","8P.-3",3,"8P.-3_3",96,"20221110_M2","M2","P","0"
"20221110_M2.82","G10","9P.-1",3,"9P.-1_3",96,"20221110_M2","M2","P","0"
"20221110_M2.83","G11","9P.-2",3,"9P.-2_3",96,"20221110_M2","M2","P","0"
"20221110_M2.84","G12","9P.-3",3,"9P.-3_3",96,"20221110_M2","M2","P","0"
"20221110_M2.85","H01","blank",8,"blank_8-20221110_M2",96,"20221110_M2","M2","P","0"
"20221110_M2.86","H02","neg",8,"neg_8-20221110_M2",96,"20221110_M2","M2","P","0"
"20221110_M2.87","H03","pos",8,"pos_8-20221110_M2",96,"20221110_M2","M2","P","0"
"20221110_M2.88","H04","6P.-1",4,"6P.-1_4",96,"20221110_M2","M2","P","0"
"20221110_M2.89","H05","6P.-2",4,"6P.-2_4",96,"20221110_M2","M2","P","0"
"20221110_M2.90","H06","6P.-3",4,"6P.-3_4",96,"20221110_M2","M2","P","1"
"20221110_M2.91","H07","8P.-1",4,"8P.-1_4",96,"20221110_M2","M2","P","0"
"20221110_M2.92","H08","8P.-2",4,"8P.-2_4",96,"20221110_M2","M2","P","0"
"20221110_M2.93","H09","8P.-3",4,"8P.-3_4",96,"20221110_M2","M2","P","0"
"20221110_M2.94","H10","9P.-1",4,"9P.-1_4",96,"20221110_M2","M2","P","0"
"20221110_M2.95","H11","9P.-2",4,"9P.-2_4",96,"20221110_M2","M2","P","0"
"20221110_M2.96","H12","9P.-3",4,"9P.-3_4",96,"20221110_M2","M2","P","0"
"20221110_M3.1","A01","blank",1,"blank_1-20221110_M2",96,"20221110_M3","M3","P","0"
"20221110_M3.2","A02","neg",1,"neg_1-20221110_M2",96,"20221110_M3","M3","P","0"
"20221110_M3.3","A03","pos",1,"pos_1-20221110_M2",96,"20221110_M3","M3","P","2"
"20221110_M3.4","A04","10P.-1",1,"10P.-1_1",96,"20221110_M3","M3","P","0"
"20221110_M3.5","A05","10P.-2",1,"10P.-2_1",96,"20221110_M3","M3","P","0"
"20221110_M3.6","A06","10P.-3",1,"10P.-3_1",96,"20221110_M3","M3","P","0"
"20221110_M3.7","A07","12P.-1",1,"12P.-1_1",96,"20221110_M3","M3","P","0"
"20221110_M3.8","A08","12P.-2",1,"12P.-2_1",96,"20221110_M3","M3","P","0"
"20221110_M3.9","A09","12P.-3",1,"12P.-3_1",96,"20221110_M3","M3","P","0"
"20221110_M3.10","A10","14P.-1",1,"14P.-1_1",96,"20221110_M3","M3","P","0"
"20221110_M3.11","A11","14P.-2",1,"14P.-2_1",96,"20221110_M3","M3","P","0"
"20221110_M3.12","A12","14P.-3",1,"14P.-3_1",96,"20221110_M3","M3","P","0"
"20221110_M3.13","B01","blank",2,"blank_2-20221110_M2",96,"20221110_M3","M3","P","0"
"20221110_M3.14","B02","neg",2,"neg_2-20221110_M2",96,"20221110_M3","M3","P","0"
"20221110_M3.15","B03","pos",2,"pos_2-20221110_M2",96,"20221110_M3","M3","P","2"
"20221110_M3.16","B04","10P.-1",2,"10P.-1_2",96,"20221110_M3","M3","P","0"
"20221110_M3.17","B05","10P.-2",2,"10P.-2_2",96,"20221110_M3","M3","P","0"
"20221110_M3.18","B06","10P.-3",2,"10P.-3_2",96,"20221110_M3","M3","P","0"
"20221110_M3.19","B07","12P.-1",2,"12P.-1_2",96,"20221110_M3","M3","P","0"
"20221110_M3.20","B08","12P.-2",2,"12P.-2_2",96,"20221110_M3","M3","P","0"
"20221110_M3.21","B09","12P.-3",2,"12P.-3_2",96,"20221110_M3","M3","P","0"
"20221110_M3.22","B10","14P.-1",2,"14P.-1_2",96,"20221110_M3","M3","P","1"
"20221110_M3.23","B11","14P.-2",2,"14P.-2_2",96,"20221110_M3","M3","P","0"
"20221110_M3.24","B12","14P.-3",2,"14P.-3_2",96,"20221110_M3","M3","P","0"
"20221110_M3.25","C01","blank",3,"blank_3-20221110_M2",96,"20221110_M3","M3","P","0"
"20221110_M3.26","C02","neg",3,"neg_3-20221110_M2",96,"20221110_M3","M3","P","0"
"20221110_M3.27","C03","pos",3,"pos_3-20221110_M2",96,"20221110_M3","M3","P","2"
"20221110_M3.28","C04","10P.-1",3,"10P.-1_3",96,"20221110_M3","M3","P","0"
"20221110_M3.29","C05","10P.-2",3,"10P.-2_3",96,"20221110_M3","M3","P","0"
"20221110_M3.30","C06","10P.-3",3,"10P.-3_3",96,"20221110_M3","M3","P","0"
"20221110_M3.31","C07","12P.-1",3,"12P.-1_3",96,"20221110_M3","M3","P","0"
"20221110_M3.32","C08","12P.-2",3,"12P.-2_3",96,"20221110_M3","M3","P","0"
"20221110_M3.33","C09","12P.-3",3,"12P.-3_3",96,"20221110_M3","M3","P","0"
"20221110_M3.34","C10","14P.-1",3,"14P.-1_3",96,"20221110_M3","M3","P","1"
"20221110_M3.35","C11","14P.-2",3,"14P.-2_3",96,"20221110_M3","M3","P","0"
"20221110_M3.36","C12","14P.-3",3,"14P.-3_3",96,"20221110_M3","M3","P","0"
"20221110_M3.37","D01","blank",4,"blank_4-20221110_M2",96,"20221110_M3","M3","P","0"
"20221110_M3.38","D02","neg",4,"neg_4-20221110_M2",96,"20221110_M3","M3","P","0"
"20221110_M3.39","D03","pos",4,"pos_4-20221110_M2",96,"20221110_M3","M3","P","2"
"20221110_M3.40","D04","10P.-1",4,"10P.-1_4",96,"20221110_M3","M3","P","0"
"20221110_M3.41","D05","10P.-2",4,"10P.-2_4",96,"20221110_M3","M3","P","0"
"20221110_M3.42","D06","10P.-3",4,"10P.-3_4",96,"20221110_M3","M3","P","0"
"20221110_M3.43","D07","12P.-1",4,"12P.-1_4",96,"20221110_M3","M3","P","0"
"20221110_M3.44","D08","12P.-2",4,"12P.-2_4",96,"20221110_M3","M3","P","0"
"20221110_M3.45","D09","12P.-3",4,"12P.-3_4",96,"20221110_M3","M3","P","0"
"20221110_M3.46","D10","14P.-1",4,"14P.-1_4",96,"20221110_M3","M3","P","0"
"20221110_M3.47","D11","14P.-2",4,"14P.-2_4",96,"20221110_M3","M3","P","0"
"20221110_M3.48","D12","14P.-3",4,"14P.-3_4",96,"20221110_M3","M3","P","0"
"20221110_M3.49","E01","blank",5,"blank_5-20221110_M2",96,"20221110_M3","M3","P","0"
"20221110_M3.50","E02","neg",5,"neg_5-20221110_M2",96,"20221110_M3","M3","P","0"
"20221110_M3.51","E03","pos",5,"pos_5-20221110_M2",96,"20221110_M3","M3","P","2"
"20221110_M3.52","E04","16P.-1",1,"16P.-1_1",96,"20221110_M3","M3","P","0"
"20221110_M3.53","E05","16P.-2",1,"16P.-2_1",96,"20221110_M3","M3","P","0"
"20221110_M3.54","E06","16P.-3",1,"16P.-3_1",96,"20221110_M3","M3","P","0"
"20221110_M3.55","E07","17P.-1",1,"17P.-1_1",96,"20221110_M3","M3","P","0"
"20221110_M3.56","E08","17P.-2",1,"17P.-2_1",96,"20221110_M3","M3","P","0"
"20221110_M3.57","E09","17P.-3",1,"17P.-3_1",96,"20221110_M3","M3","P","0"
"20221110_M3.58","E10","18P.-1",1,"18P.-1_1",96,"20221110_M3","M3","P","0"
"20221110_M3.59","E11","18P.-2",1,"18P.-2_1",96,"20221110_M3","M3","P","0"
"20221110_M3.60","E12","18P.-3",1,"18P.-3_1",96,"20221110_M3","M3","P","0"
"20221110_M3.61","F01","blank",6,"blank_6-20221110_M2",96,"20221110_M3","M3","P","0"
"20221110_M3.62","F02","neg",6,"neg_6-20221110_M2",96,"20221110_M3","M3","P","0"
"20221110_M3.63","F03","pos",6,"pos_6-20221110_M2",96,"20221110_M3","M3","P","2"
"20221110_M3.64","G01","blank",7,"blank_7-20221110_M2",96,"20221110_M3","M3","P","0"
"20221110_M3.65","G02","neg",7,"neg_7-20221110_M2",96,"20221110_M3","M3","P","0"
"20221110_M3.66","G03","pos",7,"pos_7-20221110_M2",96,"20221110_M3","M3","P","0"
"20221110_M3.67","G04","16P.-1",2,"16P.-1_2",96,"20221110_M3","M3","P","0"
"20221110_M3.68","G05","16P.-2",2,"16P.-2_2",96,"20221110_M3","M3","P","0"
"20221110_M3.69","G06","16P.-3",2,"16P.-3_2",96,"20221110_M3","M3","P","0"
"20221110_M3.70","G07","17P.-1",2,"17P.-1_2",96,"20221110_M3","M3","P","0"
"20221110_M3.71","G08","17P.-2",2,"17P.-2_2",96,"20221110_M3","M3","P","0"
"20221110_M3.72","G09","17P.-3",2,"17P.-3_2",96,"20221110_M3","M3","P","0"
"20221110_M3.73","G10","18P.-1",2,"18P.-1_2",96,"20221110_M3","M3","P","0"
"20221110_M3.74","G11","18P.-2",2,"18P.-2_2",96,"20221110_M3","M3","P","0"
"20221110_M3.75","G12","18P.-3",2,"18P.-3_2",96,"20221110_M3","M3","P","0"
"20221110_M3.76","H01","blank",8,"blank_8-20221110_M2",96,"20221110_M3","M3","P","0"
"20221110_M3.77","H02","neg",8,"neg_8-20221110_M2",96,"20221110_M3","M3","P","0"
"20221110_M3.78","H03","pos",8,"pos_8-20221110_M2",96,"20221110_M3","M3","P","0"
"20221110_M3.79","H04","16P.-1",3,"16P.-1_3",96,"20221110_M3","M3","P","0"
"20221110_M3.80","H05","16P.-2",3,"16P.-2_3",96,"20221110_M3","M3","P","0"
"20221110_M3.81","H06","16P.-3",3,"16P.-3_3",96,"20221110_M3","M3","P","0"
"20221110_M3.82","H07","17P.-1",3,"17P.-1_3",96,"20221110_M3","M3","P","0"
"20221110_M3.83","H08","17P.-2",3,"17P.-2_3",96,"20221110_M3","M3","P","0"
"20221110_M3.84","H09","17P.-3",3,"17P.-3_3",96,"20221110_M3","M3","P","0"
"20221110_M3.85","H10","18P.-1",3,"18P.-1_3",96,"20221110_M3","M3","P","0"
"20221110_M3.86","H11","18P.-2",3,"18P.-2_3",96,"20221110_M3","M3","P","0"
"20221110_M3.87","H12","18P.-3",3,"18P.-3_3",96,"20221110_M3","M3","P","1"
"20221114_M2.1","A01","blank",1,"blank_1-20221110_M2",96,"20221114_M2","M2","P","0"
"20221114_M2.2","A02","neg",1,"neg_1-20221110_M2",96,"20221114_M2","M2","P","0"
"20221114_M2.3","A03","pos",1,"pos_1-20221110_M2",96,"20221114_M2","M2","P","2"
"20221114_M2.4","A04","20P.-1",1,"20P.-1_1",96,"20221114_M2","M2","P","0"
"20221114_M2.5","A05","20P.-2",1,"20P.-2_1",96,"20221114_M2","M2","P","0"
"20221114_M2.6","A06","20P.-3",1,"20P.-3_1",96,"20221114_M2","M2","P","2"
"20221114_M2.7","A07","21P.-1",1,"21P.-1_1",96,"20221114_M2","M2","P","2"
"20221114_M2.8","A08","21P.-2",1,"21P.-2_1",96,"20221114_M2","M2","P","2"
"20221114_M2.9","A09","21P.-3",1,"21P.-3_1",96,"20221114_M2","M2","P","0"
"20221114_M2.10","A10","22P.-1",1,"22P.-1_1",96,"20221114_M2","M2","P","2"
"20221114_M2.11","A11","22P.-2",1,"22P.-2_1",96,"20221114_M2","M2","P","1"
"20221114_M2.12","A12","22P.-3",1,"22P.-3_1",96,"20221114_M2","M2","P","0"
"20221114_M2.13","B01","blank",2,"blank_2-20221110_M2",96,"20221114_M2","M2","P","1"
"20221114_M2.14","B02","neg",2,"neg_2-20221110_M2",96,"20221114_M2","M2","P","0"
"20221114_M2.15","B03","pos",2,"pos_2-20221110_M2",96,"20221114_M2","M2","P","2"
"20221114_M2.16","B04","20P.-1",2,"20P.-1_2",96,"20221114_M2","M2","P","0"
"20221114_M2.17","B05","20P.-2",2,"20P.-2_2",96,"20221114_M2","M2","P","0"
"20221114_M2.18","B06","20P.-3",2,"20P.-3_2",96,"20221114_M2","M2","P","2"
"20221114_M2.19","B07","21P.-1",2,"21P.-1_2",96,"20221114_M2","M2","P","2"
"20221114_M2.20","B08","21P.-2",2,"21P.-2_2",96,"20221114_M2","M2","P","2"
"20221114_M2.21","B09","21P.-3",2,"21P.-3_2",96,"20221114_M2","M2","P","1"
"20221114_M2.22","B10","22P.-1",2,"22P.-1_2",96,"20221114_M2","M2","P","2"
"20221114_M2.23","B11","22P.-2",2,"22P.-2_2",96,"20221114_M2","M2","P","0"
"20221114_M2.24","B12","22P.-3",2,"22P.-3_2",96,"20221114_M2","M2","P","0"
"20221114_M2.25","C01","blank",3,"blank_3-20221110_M2",96,"20221114_M2","M2","P","0"
"20221114_M2.26","C02","neg",3,"neg_3-20221110_M2",96,"20221114_M2","M2","P","0"
"20221114_M2.27","C03","pos",3,"pos_3-20221110_M2",96,"20221114_M2","M2","P","2"
"20221114_M2.28","C04","20P.-1",3,"20P.-1_3",96,"20221114_M2","M2","P","0"
"20221114_M2.29","C05","20P.-2",3,"20P.-2_3",96,"20221114_M2","M2","P","0"
"20221114_M2.30","C06","20P.-3",3,"20P.-3_3",96,"20221114_M2","M2","P","2"
"20221114_M2.31","C07","21P.-1",3,"21P.-1_3",96,"20221114_M2","M2","P","2"
"20221114_M2.32","C08","21P.-2",3,"21P.-2_3",96,"20221114_M2","M2","P","2"
"20221114_M2.33","C09","21P.-3",3,"21P.-3_3",96,"20221114_M2","M2","P","0"
"20221114_M2.34","C10","22P.-1",3,"22P.-1_3",96,"20221114_M2","M2","P","2"
"20221114_M2.35","C11","22P.-2",3,"22P.-2_3",96,"20221114_M2","M2","P","0"
"20221114_M2.36","C12","22P.-3",3,"22P.-3_3",96,"20221114_M2","M2","P","0"
"20221114_M2.37","D01","blank",4,"blank_4-20221110_M2",96,"20221114_M2","M2","P","0"
"20221114_M2.38","D02","neg",4,"neg_4-20221110_M2",96,"20221114_M2","M2","P","0"
"20221114_M2.39","D03","pos",4,"pos_4-20221110_M2",96,"20221114_M2","M2","P","2"
"20221114_M2.40","D04","20P.-1",4,"20P.-1_4",96,"20221114_M2","M2","P","0"
"20221114_M2.41","D05","20P.-2",4,"20P.-2_4",96,"20221114_M2","M2","P","0"
"20221114_M2.42","D06","20P.-3",4,"20P.-3_4",96,"20221114_M2","M2","P","2"
"20221114_M2.43","D07","21P.-1",4,"21P.-1_4",96,"20221114_M2","M2","P","2"
"20221114_M2.44","D08","21P.-2",4,"21P.-2_4",96,"20221114_M2","M2","P","2"
"20221114_M2.45","D09","21P.-3",4,"21P.-3_4",96,"20221114_M2","M2","P","0"
"20221114_M2.46","D10","22P.-1",4,"22P.-1_4",96,"20221114_M2","M2","P","2"
"20221114_M2.47","D11","22P.-2",4,"22P.-2_4",96,"20221114_M2","M2","P","0"
"20221114_M2.48","D12","22P.-3",4,"22P.-3_4",96,"20221114_M2","M2","P","0"
"20221114_M2.49","E01","blank",5,"blank_5-20221110_M2",96,"20221114_M2","M2","P","0"
"20221114_M2.50","E02","neg",5,"neg_5-20221110_M2",96,"20221114_M2","M2","P","0"
"20221114_M2.51","E03","pos",5,"pos_5-20221110_M2",96,"20221114_M2","M2","P","2"
"20221114_M2.52","E04","24P.-1",1,"24P.-1_1",96,"20221114_M2","M2","P","2"
"20221114_M2.53","E05","24P.-2",1,"24P.-2_1",96,"20221114_M2","M2","P","0"
"20221114_M2.54","E06","24P.-3",1,"24P.-3_1",96,"20221114_M2","M2","P","0"
"20221114_M2.55","E07","26P.-1",1,"26P.-1_1",96,"20221114_M2","M2","P","0"
"20221114_M2.56","E08","26P.-2",1,"26P.-2_1",96,"20221114_M2","M2","P","0"
"20221114_M2.57","E09","26P.-3",1,"26P.-3_1",96,"20221114_M2","M2","P","0"
"20221114_M2.58","E10","28P.-1",1,"28P.-1_1",96,"20221114_M2","M2","P","0"
"20221114_M2.59","E11","28P.-2",1,"28P.-2_1",96,"20221114_M2","M2","P","0"
"20221114_M2.60","E12","28P.-3",1,"28P.-3_1",96,"20221114_M2","M2","P","0"
"20221114_M2.61","F01","blank",6,"blank_6-20221110_M2",96,"20221114_M2","M2","P","0"
"20221114_M2.62","F02","neg",6,"neg_6-20221110_M2",96,"20221114_M2","M2","P","0"
"20221114_M2.63","F03","pos",6,"pos_6-20221110_M2",96,"20221114_M2","M2","P","2"
"20221114_M2.64","F04","24P.-1",2,"24P.-1_2",96,"20221114_M2","M2","P","0"
"20221114_M2.65","F05","24P.-2",2,"24P.-2_2",96,"20221114_M2","M2","P","0"
"20221114_M2.66","F06","24P.-3",2,"24P.-3_2",96,"20221114_M2","M2","P","0"
"20221114_M2.67","F07","26P.-1",2,"26P.-1_2",96,"20221114_M2","M2","P","0"
"20221114_M2.68","F08","26P.-2",2,"26P.-2_2",96,"20221114_M2","M2","P","0"
"20221114_M2.69","F09","26P.-3",2,"26P.-3_2",96,"20221114_M2","M2","P","0"
"20221114_M2.70","F10","28P.-1",2,"28P.-1_2",96,"20221114_M2","M2","P","0"
"20221114_M2.71","F11","28P.-2",2,"28P.-2_2",96,"20221114_M2","M2","P","0"
"20221114_M2.72","F12","28P.-3",2,"28P.-3_2",96,"20221114_M2","M2","P","0"
"20221114_M2.73","G01","blank",7,"blank_7-20221110_M2",96,"20221114_M2","M2","P","0"
"20221114_M2.74","G02","neg",7,"neg_7-20221110_M2",96,"20221114_M2","M2","P","0"
"20221114_M2.75","G03","pos",7,"pos_7-20221110_M2",96,"20221114_M2","M2","P","2"
"20221114_M2.76","G04","24P.-1",3,"24P.-1_3",96,"20221114_M2","M2","P","2"
"20221114_M2.77","G05","24P.-2",3,"24P.-2_3",96,"20221114_M2","M2","P","1"
"20221114_M2.78","G06","24P.-3",3,"24P.-3_3",96,"20221114_M2","M2","P","0"
"20221114_M2.79","G07","26P.-1",3,"26P.-1_3",96,"20221114_M2","M2","P","0"
"20221114_M2.80","G08","26P.-2",3,"26P.-2_3",96,"20221114_M2","M2","P","0"
"20221114_M2.81","G09","26P.-3",3,"26P.-3_3",96,"20221114_M2","M2","P","0"
"20221114_M2.82","G10","28P.-1",3,"28P.-1_3",96,"20221114_M2","M2","P","0"
"20221114_M2.83","G11","28P.-2",3,"28P.-2_3",96,"20221114_M2","M2","P","0"
"20221114_M2.84","G12","28P.-3",3,"28P.-3_3",96,"20221114_M2","M2","P","0"
"20221114_M2.85","H01","blank",8,"blank_8-20221110_M2",96,"20221114_M2","M2","P","0"
"20221114_M2.86","H02","neg",8,"neg_8-20221110_M2",96,"20221114_M2","M2","P","0"
"20221114_M2.87","H03","pos",8,"pos_8-20221110_M2",96,"20221114_M2","M2","P","2"
"20221114_M2.88","H04","24P.-1",4,"24P.-1_4",96,"20221114_M2","M2","P","2"
"20221114_M2.89","H05","24P.-2",4,"24P.-2_4",96,"20221114_M2","M2","P","0"
"20221114_M2.90","H06","24P.-3",4,"24P.-3_4",96,"20221114_M2","M2","P","0"
"20221114_M2.91","H07","26P.-1",4,"26P.-1_4",96,"20221114_M2","M2","P","0"
"20221114_M2.92","H08","26P.-2",4,"26P.-2_4",96,"20221114_M2","M2","P","0"
"20221114_M2.93","H09","26P.-3",4,"26P.-3_4",96,"20221114_M2","M2","P","0"
"20221114_M2.94","H10","28P.-1",4,"28P.-1_4",96,"20221114_M2","M2","P","0"
"20221114_M2.95","H11","28P.-2",4,"28P.-2_4",96,"20221114_M2","M2","P","0"
"20221114_M2.96","H12","28P.-3",4,"28P.-3_4",96,"20221114_M2","M2","P","0"
"20221115_M4.1","A01","blank",1,"blank_1-20221110_M2",96,"20221115_M4","M4","P","0"
"20221115_M4.2","A02","neg",1,"neg_1-20221110_M2",96,"20221115_M4","M4","P","0"
"20221115_M4.3","A03","pos",1,"pos_1-20221110_M2",96,"20221115_M4","M4","P","2"
"20221115_M4.4","A04","38P.-1",1,"38P.-1_1",96,"20221115_M4","M4","P","0"
"20221115_M4.5","A05","38P.-3",1,"38P.-3_1",96,"20221115_M4","M4","P","0"
"20221115_M4.6","A06","40P.-2",1,"40P.-2_1",96,"20221115_M4","M4","P","0"
"20221115_M4.7","A07","41P.-1",1,"41P.-1_1",96,"20221115_M4","M4","P","0"
"20221115_M4.8","A08","41P.-3",1,"41P.-3_1",96,"20221115_M4","M4","P","0"
"20221115_M4.9","A09","42P.-2",1,"42P.-2_1",96,"20221115_M4","M4","P","0"
"20221115_M4.10","A10","44P.-1",1,"44P.-1_1",96,"20221115_M4","M4","P","0"
"20221115_M4.11","A11","44P.-3",1,"44P.-3_1",96,"20221115_M4","M4","P","0"
"20221115_M4.12","A12","45P.-2",1,"45P.-2_1",96,"20221115_M4","M4","P","0"
"20221115_M4.13","B01","blank",2,"blank_2-20221110_M2",96,"20221115_M4","M4","P","0"
"20221115_M4.14","B02","neg",2,"neg_2-20221110_M2",96,"20221115_M4","M4","P","0"
"20221115_M4.15","B03","pos",2,"pos_2-20221110_M2",96,"20221115_M4","M4","P","2"
"20221115_M4.16","B04","38P.-1",2,"38P.-1_2",96,"20221115_M4","M4","P","0"
"20221115_M4.17","B05","38P.-3",2,"38P.-3_2",96,"20221115_M4","M4","P","0"
"20221115_M4.18","B06","40P.-2",2,"40P.-2_2",96,"20221115_M4","M4","P","0"
"20221115_M4.19","B07","41P.-1",2,"41P.-1_2",96,"20221115_M4","M4","P","0"
"20221115_M4.20","B08","41P.-3",2,"41P.-3_2",96,"20221115_M4","M4","P","0"
"20221115_M4.21","B09","42P.-2",2,"42P.-2_2",96,"20221115_M4","M4","P","0"
"20221115_M4.22","B10","44P.-1",2,"44P.-1_2",96,"20221115_M4","M4","P","0"
"20221115_M4.23","B11","44P.-3",2,"44P.-3_2",96,"20221115_M4","M4","P","0"
"20221115_M4.24","B12","45P.-2",2,"45P.-2_2",96,"20221115_M4","M4","P","0"
"20221115_M4.25","C01","blank",3,"blank_3-20221110_M2",96,"20221115_M4","M4","P","0"
"20221115_M4.26","C02","neg",3,"neg_3-20221110_M2",96,"20221115_M4","M4","P","0"
"20221115_M4.27","C03","pos",3,"pos_3-20221110_M2",96,"20221115_M4","M4","P","2"
"20221115_M4.28","C04","38P.-1",3,"38P.-1_3",96,"20221115_M4","M4","P","0"
"20221115_M4.29","C05","38P.-3",3,"38P.-3_3",96,"20221115_M4","M4","P","0"
"20221115_M4.30","C06","40P.-2",3,"40P.-2_3",96,"20221115_M4","M4","P","0"
"20221115_M4.31","C07","41P.-1",3,"41P.-1_3",96,"20221115_M4","M4","P","0"
"20221115_M4.32","C08","41P.-3",3,"41P.-3_3",96,"20221115_M4","M4","P","0"
"20221115_M4.33","C09","42P.-2",3,"42P.-2_3",96,"20221115_M4","M4","P","0"
"20221115_M4.34","C10","44P.-1",3,"44P.-1_3",96,"20221115_M4","M4","P","0"
"20221115_M4.35","C11","44P.-3",3,"44P.-3_3",96,"20221115_M4","M4","P","0"
"20221115_M4.36","C12","45P.-2",3,"45P.-2_3",96,"20221115_M4","M4","P","0"
"20221115_M4.37","D01","blank",4,"blank_4-20221110_M2",96,"20221115_M4","M4","P","0"
"20221115_M4.38","D02","neg",4,"neg_4-20221110_M2",96,"20221115_M4","M4","P","0"
"20221115_M4.39","D03","pos",4,"pos_4-20221110_M2",96,"20221115_M4","M4","P","2"
"20221115_M4.40","D04","38P.-1",4,"38P.-1_4",96,"20221115_M4","M4","P","0"
"20221115_M4.41","D05","38P.-3",4,"38P.-3_4",96,"20221115_M4","M4","P","0"
"20221115_M4.42","D06","40P.-2",4,"40P.-2_4",96,"20221115_M4","M4","P","0"
"20221115_M4.43","D07","41P.-1",4,"41P.-1_4",96,"20221115_M4","M4","P","0"
"20221115_M4.44","D08","41P.-3",4,"41P.-3_4",96,"20221115_M4","M4","P","0"
"20221115_M4.45","D09","42P.-2",4,"42P.-2_4",96,"20221115_M4","M4","P","0"
"20221115_M4.46","D10","44P.-1",4,"44P.-1_4",96,"20221115_M4","M4","P","0"
"20221115_M4.47","D11","44P.-3",4,"44P.-3_4",96,"20221115_M4","M4","P","0"
"20221115_M4.48","D12","45P.-2",4,"45P.-2_4",96,"20221115_M4","M4","P","0"
"20221115_M4.49","E01","blank",5,"blank_5-20221110_M2",96,"20221115_M4","M4","P","0"
"20221115_M4.50","E02","neg",5,"neg_5-20221110_M2",96,"20221115_M4","M4","P","0"
"20221115_M4.51","E03","pos",5,"pos_5-20221110_M2",96,"20221115_M4","M4","P","2"
"20221115_M4.52","E04","38P.-2",1,"38P.-2_1",96,"20221115_M4","M4","P","0"
"20221115_M4.53","E05","40P.-1",1,"40P.-1_1",96,"20221115_M4","M4","P","0"
"20221115_M4.54","E06","40P.-3",1,"40P.-3_1",96,"20221115_M4","M4","P","0"
"20221115_M4.55","E07","41P.-2",1,"41P.-2_1",96,"20221115_M4","M4","P","0"
"20221115_M4.56","E08","42P.-1",1,"42P.-1_1",96,"20221115_M4","M4","P","0"
"20221115_M4.57","E09","42P.-3",1,"42P.-3_1",96,"20221115_M4","M4","P","0"
"20221115_M4.58","E10","44P.-2",1,"44P.-2_1",96,"20221115_M4","M4","P","0"
"20221115_M4.59","E11","45P.-1",1,"45P.-1_1",96,"20221115_M4","M4","P","0"
"20221115_M4.60","E12","45P.-3",1,"45P.-3_1",96,"20221115_M4","M4","P","0"
"20221115_M4.61","F01","blank",6,"blank_6-20221110_M2",96,"20221115_M4","M4","P","0"
"20221115_M4.62","F02","neg",6,"neg_6-20221110_M2",96,"20221115_M4","M4","P","0"
"20221115_M4.63","F03","pos",6,"pos_6-20221110_M2",96,"20221115_M4","M4","P","2"
"20221115_M4.64","F04","38P.-2",2,"38P.-2_2",96,"20221115_M4","M4","P","0"
"20221115_M4.65","F05","40P.-1",2,"40P.-1_2",96,"20221115_M4","M4","P","0"
"20221115_M4.66","F06","40P.-3",2,"40P.-3_2",96,"20221115_M4","M4","P","0"
"20221115_M4.67","F07","41P.-2",2,"41P.-2_2",96,"20221115_M4","M4","P","0"
"20221115_M4.68","F08","42P.-1",2,"42P.-1_2",96,"20221115_M4","M4","P","0"
"20221115_M4.69","F09","42P.-3",2,"42P.-3_2",96,"20221115_M4","M4","P","0"
"20221115_M4.70","F10","44P.-2",2,"44P.-2_2",96,"20221115_M4","M4","P","0"
"20221115_M4.71","F11","45P.-1",2,"45P.-1_2",96,"20221115_M4","M4","P","0"
"20221115_M4.72","F12","45P.-3",2,"45P.-3_2",96,"20221115_M4","M4","P","0"
"20221115_M4.73","G01","blank",7,"blank_7-20221110_M2",96,"20221115_M4","M4","P","0"
"20221115_M4.74","G02","neg",7,"neg_7-20221110_M2",96,"20221115_M4","M4","P","0"
"20221115_M4.75","G03","pos",7,"pos_7-20221110_M2",96,"20221115_M4","M4","P","2"
"20221115_M4.76","G04","38P.-2",3,"38P.-2_3",96,"20221115_M4","M4","P","0"
"20221115_M4.77","G05","40P.-1",3,"40P.-1_3",96,"20221115_M4","M4","P","0"
"20221115_M4.78","G06","40P.-3",3,"40P.-3_3",96,"20221115_M4","M4","P","0"
"20221115_M4.79","G07","41P.-2",3,"41P.-2_3",96,"20221115_M4","M4","P","0"
"20221115_M4.80","G08","42P.-1",3,"42P.-1_3",96,"20221115_M4","M4","P","0"
"20221115_M4.81","G09","42P.-3",3,"42P.-3_3",96,"20221115_M4","M4","P","0"
"20221115_M4.82","G10","44P.-2",3,"44P.-2_3",96,"20221115_M4","M4","P","0"
"20221115_M4.83","G11","45P.-1",3,"45P.-1_3",96,"20221115_M4","M4","P","0"
"20221115_M4.84","G12","45P.-3",3,"45P.-3_3",96,"20221115_M4","M4","P","0"
"20221115_M4.85","H01","blank",8,"blank_8-20221110_M2",96,"20221115_M4","M4","P","0"
"20221115_M4.86","H02","neg",8,"neg_8-20221110_M2",96,"20221115_M4","M4","P","0"
"20221115_M4.87","H03","pos",8,"pos_8-20221110_M2",96,"20221115_M4","M4","P","2"
"20221115_M4.88","H04","38P.-2",4,"38P.-2_4",96,"20221115_M4","M4","P","0"
"20221115_M4.89","H05","40P.-1",4,"40P.-1_4",96,"20221115_M4","M4","P","0"
"20221115_M4.90","H06","40P.-3",4,"40P.-3_4",96,"20221115_M4","M4","P","0"
"20221115_M4.91","H07","41P.-2",4,"41P.-2_4",96,"20221115_M4","M4","P","0"
"20221115_M4.92","H08","42P.-1",4,"42P.-1_4",96,"20221115_M4","M4","P","0"
"20221115_M4.93","H09","42P.-3",4,"42P.-3_4",96,"20221115_M4","M4","P","0"
"20221115_M4.94","H10","44P.-2",4,"44P.-2_4",96,"20221115_M4","M4","P","0"
"20221115_M4.95","H11","45P.-1",4,"45P.-1_4",96,"20221115_M4","M4","P","0"
"20221115_M4.96","H12","45P.-3",4,"45P.-3_4",96,"20221115_M4","M4","P","0"
"20221118_M7.1","A01","blank",1,"blank_1-20221110_M3",96,"20221118_M7","M7","P","0"
"20221118_M7.2","A02","neg",1,"neg_1-20221110_M3",96,"20221118_M7","M7","P","0"
"20221118_M7.3","A03","pos",1,"pos_1-20221110_M3",96,"20221118_M7","M7","P","2"
"20221118_M7.4","A04","29P.-1",1,"29P.-1_1",96,"20221118_M7","M7","P","0"
"20221118_M7.5","A05","29P.-2",1,"29P.-2_1",96,"20221118_M7","M7","P","0"
"20221118_M7.6","A06","29P.-3",1,"29P.-3_1",96,"20221118_M7","M7","P","0"
"20221118_M7.7","A07","30P.-1",1,"30P.-1_1",96,"20221118_M7","M7","P","0"
"20221118_M7.8","A08","30P.-2",1,"30P.-2_1",96,"20221118_M7","M7","P","0"
"20221118_M7.9","A09","30P.-3",1,"30P.-3_1",96,"20221118_M7","M7","P","0"
"20221118_M7.10","A10","32P.-1",1,"32P.-1_1",96,"20221118_M7","M7","P","0"
"20221118_M7.11","A11","32P.-2",1,"32P.-2_1",96,"20221118_M7","M7","P","0"
"20221118_M7.12","A12","32P.-3",1,"32P.-3_1",96,"20221118_M7","M7","P","0"
"20221118_M7.13","B01","blank",2,"blank_2-20221110_M3",96,"20221118_M7","M7","P","0"
"20221118_M7.14","B02","neg",2,"neg_2-20221110_M3",96,"20221118_M7","M7","P","0"
"20221118_M7.15","B03","pos",2,"pos_2-20221110_M3",96,"20221118_M7","M7","P","2"
"20221118_M7.16","B04","29P.-1",2,"29P.-1_2",96,"20221118_M7","M7","P","0"
"20221118_M7.17","B05","29P.-2",2,"29P.-2_2",96,"20221118_M7","M7","P","0"
"20221118_M7.18","B06","29P.-3",2,"29P.-3_2",96,"20221118_M7","M7","P","0"
"20221118_M7.19","B07","30P.-1",2,"30P.-1_2",96,"20221118_M7","M7","P","0"
"20221118_M7.20","B08","30P.-2",2,"30P.-2_2",96,"20221118_M7","M7","P","0"
"20221118_M7.21","B09","30P.-3",2,"30P.-3_2",96,"20221118_M7","M7","P","0"
"20221118_M7.22","B10","32P.-1",2,"32P.-1_2",96,"20221118_M7","M7","P","0"
"20221118_M7.23","B11","32P.-2",2,"32P.-2_2",96,"20221118_M7","M7","P","0"
"20221118_M7.24","B12","32P.-3",2,"32P.-3_2",96,"20221118_M7","M7","P","0"
"20221118_M7.25","C01","blank",3,"blank_3-20221110_M3",96,"20221118_M7","M7","P","0"
"20221118_M7.26","C02","neg",3,"neg_3-20221110_M3",96,"20221118_M7","M7","P","0"
"20221118_M7.27","C03","pos",3,"pos_3-20221110_M3",96,"20221118_M7","M7","P","2"
"20221118_M7.28","C04","29P.-1",3,"29P.-1_3",96,"20221118_M7","M7","P","0"
"20221118_M7.29","C05","29P.-2",3,"29P.-2_3",96,"20221118_M7","M7","P","0"
"20221118_M7.30","C06","29P.-3",3,"29P.-3_3",96,"20221118_M7","M7","P","0"
"20221118_M7.31","C07","30P.-1",3,"30P.-1_3",96,"20221118_M7","M7","P","0"
"20221118_M7.32","C08","30P.-2",3,"30P.-2_3",96,"20221118_M7","M7","P","0"
"20221118_M7.33","C09","30P.-3",3,"30P.-3_3",96,"20221118_M7","M7","P","0"
"20221118_M7.34","C10","32P.-1",3,"32P.-1_3",96,"20221118_M7","M7","P","0"
"20221118_M7.35","C11","32P.-2",3,"32P.-2_3",96,"20221118_M7","M7","P","0"
"20221118_M7.36","C12","32P.-3",3,"32P.-3_3",96,"20221118_M7","M7","P","0"
"20221118_M7.37","D01","blank",4,"blank_4-20221110_M3",96,"20221118_M7","M7","P","0"
"20221118_M7.38","D02","neg",4,"neg_4-20221110_M3",96,"20221118_M7","M7","P","0"
"20221118_M7.39","D03","pos",4,"pos_4-20221110_M3",96,"20221118_M7","M7","P","2"
"20221118_M7.40","D04","29P.-1",4,"29P.-1_4",96,"20221118_M7","M7","P","0"
"20221118_M7.41","D05","29P.-2",4,"29P.-2_4",96,"20221118_M7","M7","P","0"
"20221118_M7.42","D06","29P.-3",4,"29P.-3_4",96,"20221118_M7","M7","P","0"
"20221118_M7.43","D07","30P.-1",4,"30P.-1_4",96,"20221118_M7","M7","P","0"
"20221118_M7.44","D08","30P.-2",4,"30P.-2_4",96,"20221118_M7","M7","P","0"
"20221118_M7.45","D09","30P.-3",4,"30P.-3_4",96,"20221118_M7","M7","P","0"
"20221118_M7.46","D10","32P.-1",4,"32P.-1_4",96,"20221118_M7","M7","P","0"
"20221118_M7.47","D11","32P.-2",4,"32P.-2_4",96,"20221118_M7","M7","P","0"
"20221118_M7.48","D12","32P.-3",4,"32P.-3_4",96,"20221118_M7","M7","P","0"
"20221118_M7.49","E01","blank",5,"blank_5-20221110_M3",96,"20221118_M7","M7","P","0"
"20221118_M7.50","E02","neg",5,"neg_5-20221110_M3",96,"20221118_M7","M7","P","0"
"20221118_M7.51","E03","pos",5,"pos_5-20221110_M3",96,"20221118_M7","M7","P","2"
"20221118_M7.52","E04","33P.-1",1,"33P.-1_1",96,"20221118_M7","M7","P","0"
"20221118_M7.53","E05","33P.-2",1,"33P.-2_1",96,"20221118_M7","M7","P","0"
"20221118_M7.54","E06","33P.-3",1,"33P.-3_1",96,"20221118_M7","M7","P","0"
"20221118_M7.55","E07","34P.-1",1,"34P.-1_1",96,"20221118_M7","M7","P","0"
"20221118_M7.56","E08","34P.-2",1,"34P.-2_1",96,"20221118_M7","M7","P","0"
"20221118_M7.57","E09","34P.-3",1,"34P.-3_1",96,"20221118_M7","M7","P","0"
"20221118_M7.58","E10","36P.-1",1,"36P.-1_1",96,"20221118_M7","M7","P","0"
"20221118_M7.59","E11","36P.-2",1,"36P.-2_1",96,"20221118_M7","M7","P","0"
"20221118_M7.60","E12","36P.-3",1,"36P.-3_1",96,"20221118_M7","M7","P","0"
"20221118_M7.61","F01","blank",6,"blank_6-20221110_M3",96,"20221118_M7","M7","P","0"
"20221118_M7.62","F02","neg",6,"neg_6-20221110_M3",96,"20221118_M7","M7","P","0"
"20221118_M7.63","F03","pos",6,"pos_6-20221110_M3",96,"20221118_M7","M7","P","2"
"20221118_M7.64","F04","33P.-1",2,"33P.-1_2",96,"20221118_M7","M7","P","0"
"20221118_M7.65","F05","33P.-2",2,"33P.-2_2",96,"20221118_M7","M7","P","0"
"20221118_M7.66","F06","33P.-3",2,"33P.-3_2",96,"20221118_M7","M7","P","0"
"20221118_M7.67","F07","34P.-1",2,"34P.-1_2",96,"20221118_M7","M7","P","0"
"20221118_M7.68","F08","34P.-2",2,"34P.-2_2",96,"20221118_M7","M7","P","0"
"20221118_M7.69","F09","34P.-3",2,"34P.-3_2",96,"20221118_M7","M7","P","0"
"20221118_M7.70","F10","36P.-1",2,"36P.-1_2",96,"20221118_M7","M7","P","0"
"20221118_M7.71","F11","36P.-2",2,"36P.-2_2",96,"20221118_M7","M7","P","0"
"20221118_M7.72","F12","36P.-3",2,"36P.-3_2",96,"20221118_M7","M7","P","0"
"20221118_M7.73","G01","blank",7,"blank_7-20221110_M3",96,"20221118_M7","M7","P","0"
"20221118_M7.74","G02","neg",7,"neg_7-20221110_M3",96,"20221118_M7","M7","P","0"
"20221118_M7.75","G03","pos",7,"pos_7-20221110_M3",96,"20221118_M7","M7","P","2"
"20221118_M7.76","G04","33P.-1",3,"33P.-1_3",96,"20221118_M7","M7","P","0"
"20221118_M7.77","G05","33P.-2",3,"33P.-2_3",96,"20221118_M7","M7","P","0"
"20221118_M7.78","G06","33P.-3",3,"33P.-3_3",96,"20221118_M7","M7","P","0"
"20221118_M7.79","G07","34P.-1",3,"34P.-1_3",96,"20221118_M7","M7","P","0"
"20221118_M7.80","G08","34P.-2",3,"34P.-2_3",96,"20221118_M7","M7","P","0"
"20221118_M7.81","G09","34P.-3",3,"34P.-3_3",96,"20221118_M7","M7","P","0"
"20221118_M7.82","G10","36P.-1",3,"36P.-1_3",96,"20221118_M7","M7","P","0"
"20221118_M7.83","G11","36P.-2",3,"36P.-2_3",96,"20221118_M7","M7","P","0"
"20221118_M7.84","G12","36P.-3",3,"36P.-3_3",96,"20221118_M7","M7","P","0"
"20221118_M7.85","H01","blank",8,"blank_8-20221110_M3",96,"20221118_M7","M7","P","0"
"20221118_M7.86","H02","neg",8,"neg_8-20221110_M3",96,"20221118_M7","M7","P","0"
"20221118_M7.87","H03","pos",8,"pos_8-20221110_M3",96,"20221118_M7","M7","P","2"
"20221118_M7.88","H04","33P.-1",4,"33P.-1_4",96,"20221118_M7","M7","P","0"
"20221118_M7.89","H05","33P.-2",4,"33P.-2_4",96,"20221118_M7","M7","P","0"
"20221118_M7.90","H06","33P.-3",4,"33P.-3_4",96,"20221118_M7","M7","P","0"
"20221118_M7.91","H07","34P.-1",4,"34P.-1_4",96,"20221118_M7","M7","P","0"
"20221118_M7.92","H08","34P.-2",4,"34P.-2_4",96,"20221118_M7","M7","P","0"
"20221118_M7.93","H09","34P.-3",4,"34P.-3_4",96,"20221118_M7","M7","P","0"
"20221118_M7.94","H10","36P.-1",4,"36P.-1_4",96,"20221118_M7","M7","P","0"
"20221118_M7.95","H11","36P.-2",4,"36P.-2_4",96,"20221118_M7","M7","P","0"
"20221118_M7.96","H12","36P.-3",4,"36P.-3_4",96,"20221118_M7","M7","P","0"
"20221130_M1.1","A01","blank",1,"blank_1-20221110_M3",96,"20221130_M1","M1","P","0"
"20221130_M1.2","A02","neg",1,"neg_1-20221110_M3",96,"20221130_M1","M1","P","0"
"20221130_M1.3","A03","pos",1,"pos_1-20221110_M3",96,"20221130_M1","M1","P","2"
"20221130_M1.4","A04","46P.-1",1,"46P.-1_1",96,"20221130_M1","M1","P","0"
"20221130_M1.5","A05","46P.-2",1,"46P.-2_1",96,"20221130_M1","M1","P","0"
"20221130_M1.6","A06","46P.-3",1,"46P.-3_1",96,"20221130_M1","M1","P","0"
"20221130_M1.7","A07","48P.-1",1,"48P.-1_1",96,"20221130_M1","M1","P","0"
"20221130_M1.8","A08","48P.-2",1,"48P.-2_1",96,"20221130_M1","M1","P","0"
"20221130_M1.9","A09","48P.-3",1,"48P.-3_1",96,"20221130_M1","M1","P","0"
"20221130_M1.10","A10","50P.-1",1,"50P.-1_1",96,"20221130_M1","M1","P","0"
"20221130_M1.11","A11","50P.-2",1,"50P.-2_1",96,"20221130_M1","M1","P","0"
"20221130_M1.12","A12","50P.-3",1,"50P.-3_1",96,"20221130_M1","M1","P","0"
"20221130_M1.13","B01","blank",2,"blank_2-20221110_M3",96,"20221130_M1","M1","P","0"
"20221130_M1.14","B02","neg",2,"neg_2-20221110_M3",96,"20221130_M1","M1","P","0"
"20221130_M1.15","B03","pos",2,"pos_2-20221110_M3",96,"20221130_M1","M1","P","2"
"20221130_M1.16","B04","46P.-1",2,"46P.-1_2",96,"20221130_M1","M1","P","0"
"20221130_M1.17","B05","46P.-2",2,"46P.-2_2",96,"20221130_M1","M1","P","0"
"20221130_M1.18","B06","46P.-3",2,"46P.-3_2",96,"20221130_M1","M1","P","0"
"20221130_M1.19","B07","48P.-1",2,"48P.-1_2",96,"20221130_M1","M1","P","0"
"20221130_M1.20","B08","48P.-2",2,"48P.-2_2",96,"20221130_M1","M1","P","0"
"20221130_M1.21","B09","48P.-3",2,"48P.-3_2",96,"20221130_M1","M1","P","0"
"20221130_M1.22","B10","50P.-1",2,"50P.-1_2",96,"20221130_M1","M1","P","0"
"20221130_M1.23","B11","50P.-2",2,"50P.-2_2",96,"20221130_M1","M1","P","0"
"20221130_M1.24","B12","50P.-3",2,"50P.-3_2",96,"20221130_M1","M1","P","0"
"20221130_M1.25","C01","blank",3,"blank_3-20221110_M3",96,"20221130_M1","M1","P","0"
"20221130_M1.26","C02","neg",3,"neg_3-20221110_M3",96,"20221130_M1","M1","P","0"
"20221130_M1.27","C03","pos",3,"pos_3-20221110_M3",96,"20221130_M1","M1","P","2"
"20221130_M1.28","C04","46P.-1",3,"46P.-1_3",96,"20221130_M1","M1","P","0"
"20221130_M1.29","C05","46P.-2",3,"46P.-2_3",96,"20221130_M1","M1","P","0"
"20221130_M1.30","C06","46P.-3",3,"46P.-3_3",96,"20221130_M1","M1","P","0"
"20221130_M1.31","C07","48P.-1",3,"48P.-1_3",96,"20221130_M1","M1","P","0"
"20221130_M1.32","C08","48P.-2",3,"48P.-2_3",96,"20221130_M1","M1","P","0"
"20221130_M1.33","C09","48P.-3",3,"48P.-3_3",96,"20221130_M1","M1","P","0"
"20221130_M1.34","C10","50P.-1",3,"50P.-1_3",96,"20221130_M1","M1","P","0"
"20221130_M1.35","C11","50P.-2",3,"50P.-2_3",96,"20221130_M1","M1","P","0"
"20221130_M1.36","C12","50P.-3",3,"50P.-3_3",96,"20221130_M1","M1","P","0"
"20221130_M1.37","D01","blank",4,"blank_4-20221110_M3",96,"20221130_M1","M1","P","0"
"20221130_M1.38","D02","neg",4,"neg_4-20221110_M3",96,"20221130_M1","M1","P","0"
"20221130_M1.39","D03","pos",4,"pos_4-20221110_M3",96,"20221130_M1","M1","P","2"
"20221130_M1.40","D04","46P.-1",4,"46P.-1_4",96,"20221130_M1","M1","P","0"
"20221130_M1.41","D05","46P.-2",4,"46P.-2_4",96,"20221130_M1","M1","P","0"
"20221130_M1.42","D06","46P.-3",4,"46P.-3_4",96,"20221130_M1","M1","P","0"
"20221130_M1.43","D07","48P.-1",4,"48P.-1_4",96,"20221130_M1","M1","P","0"
"20221130_M1.44","D08","48P.-2",4,"48P.-2_4",96,"20221130_M1","M1","P","0"
"20221130_M1.45","D09","48P.-3",4,"48P.-3_4",96,"20221130_M1","M1","P","0"
"20221130_M1.46","D10","50P.-1",4,"50P.-1_4",96,"20221130_M1","M1","P","0"
"20221130_M1.47","D11","50P.-2",4,"50P.-2_4",96,"20221130_M1","M1","P","0"
"20221130_M1.48","D12","50P.-3",4,"50P.-3_4",96,"20221130_M1","M1","P","0"
"20221130_M1.49","E01","blank",5,"blank_5-20221110_M3",96,"20221130_M1","M1","P","0"
"20221130_M1.50","E02","neg",5,"neg_5-20221110_M3",96,"20221130_M1","M1","P","0"
"20221130_M1.51","E03","pos",5,"pos_5-20221110_M3",96,"20221130_M1","M1","P","2"
"20221130_M1.52","E04","52P.-1",1,"52P.-1_1",96,"20221130_M1","M1","P","0"
"20221130_M1.53","E05","52P.-2",1,"52P.-2_1",96,"20221130_M1","M1","P","0"
"20221130_M1.54","E06","52P.-3",1,"52P.-3_1",96,"20221130_M1","M1","P","0"
"20221130_M1.55","E07","53P.-1",1,"53P.-1_1",96,"20221130_M1","M1","P","0"
"20221130_M1.56","E08","53P.-2",1,"53P.-2_1",96,"20221130_M1","M1","P","0"
"20221130_M1.57","E09","53P.-3",1,"53P.-3_1",96,"20221130_M1","M1","P","0"
"20221130_M1.58","E10","54P.-1",1,"54P.-1_1",96,"20221130_M1","M1","P","0"
"20221130_M1.59","E11","54P.-2",1,"54P.-2_1",96,"20221130_M1","M1","P","0"
"20221130_M1.60","E12","54P.-3",1,"54P.-3_1",96,"20221130_M1","M1","P","0"
"20221130_M1.61","F01","blank",6,"blank_6-20221110_M3",96,"20221130_M1","M1","P","1"
"20221130_M1.62","F02","neg",6,"neg_6-20221110_M3",96,"20221130_M1","M1","P","0"
"20221130_M1.63","F03","pos",6,"pos_6-20221110_M3",96,"20221130_M1","M1","P","2"
"20221130_M1.64","F04","52P.-1",2,"52P.-1_2",96,"20221130_M1","M1","P","0"
"20221130_M1.65","F05","52P.-2",2,"52P.-2_2",96,"20221130_M1","M1","P","0"
"20221130_M1.66","F06","52P.-3",2,"52P.-3_2",96,"20221130_M1","M1","P","0"
"20221130_M1.67","F07","53P.-1",2,"53P.-1_2",96,"20221130_M1","M1","P","1"
"20221130_M1.68","F08","53P.-2",2,"53P.-2_2",96,"20221130_M1","M1","P","0"
"20221130_M1.69","F09","53P.-3",2,"53P.-3_2",96,"20221130_M1","M1","P","0"
"20221130_M1.70","F10","54P.-1",2,"54P.-1_2",96,"20221130_M1","M1","P","0"
"20221130_M1.71","F11","54P.-2",2,"54P.-2_2",96,"20221130_M1","M1","P","0"
"20221130_M1.72","F12","54P.-3",2,"54P.-3_2",96,"20221130_M1","M1","P","0"
"20221130_M1.73","G01","blank",7,"blank_7-20221110_M3",96,"20221130_M1","M1","P","0"
"20221130_M1.74","G02","neg",7,"neg_7-20221110_M3",96,"20221130_M1","M1","P","0"
"20221130_M1.75","G03","pos",7,"pos_7-20221110_M3",96,"20221130_M1","M1","P","2"
"20221130_M1.76","G04","52P.-1",3,"52P.-1_3",96,"20221130_M1","M1","P","0"
"20221130_M1.77","G05","52P.-2",3,"52P.-2_3",96,"20221130_M1","M1","P","0"
"20221130_M1.78","G06","52P.-3",3,"52P.-3_3",96,"20221130_M1","M1","P","0"
"20221130_M1.79","G07","53P.-1",3,"53P.-1_3",96,"20221130_M1","M1","P","0"
"20221130_M1.80","G08","53P.-2",3,"53P.-2_3",96,"20221130_M1","M1","P","0"
"20221130_M1.81","G09","53P.-3",3,"53P.-3_3",96,"20221130_M1","M1","P","0"
"20221130_M1.82","G10","54P.-1",3,"54P.-1_3",96,"20221130_M1","M1","P","0"
"20221130_M1.83","G11","54P.-2",3,"54P.-2_3",96,"20221130_M1","M1","P","0"
"20221130_M1.84","G12","54P.-3",3,"54P.-3_3",96,"20221130_M1","M1","P","0"
"20221130_M1.85","H01","blank",8,"blank_8-20221110_M3",96,"20221130_M1","M1","P","0"
"20221130_M1.86","H02","neg",8,"neg_8-20221110_M3",96,"20221130_M1","M1","P","0"
"20221130_M1.87","H03","pos",8,"pos_8-20221110_M3",96,"20221130_M1","M1","P","2"
"20221130_M1.88","H04","52P.-1",4,"52P.-1_4",96,"20221130_M1","M1","P","0"
"20221130_M1.89","H05","52P.-2",4,"52P.-2_4",96,"20221130_M1","M1","P","0"
"20221130_M1.90","H06","52P.-3",4,"52P.-3_4",96,"20221130_M1","M1","P","0"
"20221130_M1.91","H07","53P.-1",4,"53P.-1_4",96,"20221130_M1","M1","P","0"
"20221130_M1.92","H08","53P.-2",4,"53P.-2_4",96,"20221130_M1","M1","P","0"
"20221130_M1.93","H09","53P.-3",4,"53P.-3_4",96,"20221130_M1","M1","P","0"
"20221130_M1.94","H10","54P.-1",4,"54P.-1_4",96,"20221130_M1","M1","P","0"
"20221130_M1.95","H11","54P.-2",4,"54P.-2_4",96,"20221130_M1","M1","P","0"
"20221130_M1.96","H12","54P.-3",4,"54P.-3_4",96,"20221130_M1","M1","P","0"
"20221205_M1.1","A01","blank",1,"blank_1-20221110_M3",96,"20221205_M1","M1","P","0"
"20221205_M1.2","A02","neg",1,"neg_1-20221110_M3",96,"20221205_M1","M1","P","0"
"20221205_M1.3","A03","pos",1,"pos_1-20221110_M3",96,"20221205_M1","M1","P","2"
"20221205_M1.4","A04","76P.-1",1,"76P.-1_1",96,"20221205_M1","M1","P","0"
"20221205_M1.5","A05","76P.-2",1,"76P.-2_1",96,"20221205_M1","M1","P","0"
"20221205_M1.6","A06","76P.-3",1,"76P.-3_1",96,"20221205_M1","M1","P","0"
"20221205_M1.7","A07","77P.-1",1,"77P.-1_1",96,"20221205_M1","M1","P","0"
"20221205_M1.8","A08","77P.-2",1,"77P.-2_1",96,"20221205_M1","M1","P","0"
"20221205_M1.9","A09","77P.-3",1,"77P.-3_1",96,"20221205_M1","M1","P","0"
"20221205_M1.10","A10","78P.-1",1,"78P.-1_1",96,"20221205_M1","M1","P","0"
"20221205_M1.11","A11","78P.-2",1,"78P.-2_1",96,"20221205_M1","M1","P","0"
"20221205_M1.12","A12","78P.-3",1,"78P.-3_1",96,"20221205_M1","M1","P","0"
"20221205_M1.13","B01","blank",2,"blank_2-20221110_M3",96,"20221205_M1","M1","P","0"
"20221205_M1.14","B02","neg",2,"neg_2-20221110_M3",96,"20221205_M1","M1","P","0"
"20221205_M1.15","B03","pos",2,"pos_2-20221110_M3",96,"20221205_M1","M1","P","2"
"20221205_M1.16","B04","76P.-1",2,"76P.-1_2",96,"20221205_M1","M1","P","0"
"20221205_M1.17","B05","76P.-2",2,"76P.-2_2",96,"20221205_M1","M1","P","0"
"20221205_M1.18","B06","76P.-3",2,"76P.-3_2",96,"20221205_M1","M1","P","0"
"20221205_M1.19","B07","77P.-1",2,"77P.-1_2",96,"20221205_M1","M1","P","0"
"20221205_M1.20","B08","77P.-2",2,"77P.-2_2",96,"20221205_M1","M1","P","0"
"20221205_M1.21","B09","77P.-3",2,"77P.-3_2",96,"20221205_M1","M1","P","1"
"20221205_M1.22","B10","78P.-1",2,"78P.-1_2",96,"20221205_M1","M1","P","0"
"20221205_M1.23","B11","78P.-2",2,"78P.-2_2",96,"20221205_M1","M1","P","0"
"20221205_M1.24","B12","78P.-3",2,"78P.-3_2",96,"20221205_M1","M1","P","0"
"20221205_M1.25","C01","blank",3,"blank_3-20221110_M3",96,"20221205_M1","M1","P","0"
"20221205_M1.26","C02","neg",3,"neg_3-20221110_M3",96,"20221205_M1","M1","P","0"
"20221205_M1.27","C03","pos",3,"pos_3-20221110_M3",96,"20221205_M1","M1","P","2"
"20221205_M1.28","C04","76P.-1",3,"76P.-1_3",96,"20221205_M1","M1","P","0"
"20221205_M1.29","C05","76P.-2",3,"76P.-2_3",96,"20221205_M1","M1","P","0"
"20221205_M1.30","C06","76P.-3",3,"76P.-3_3",96,"20221205_M1","M1","P","0"
"20221205_M1.31","C07","77P.-1",3,"77P.-1_3",96,"20221205_M1","M1","P","0"
"20221205_M1.32","C08","77P.-2",3,"77P.-2_3",96,"20221205_M1","M1","P","0"
"20221205_M1.33","C09","77P.-3",3,"77P.-3_3",96,"20221205_M1","M1","P","0"
"20221205_M1.34","C10","78P.-1",3,"78P.-1_3",96,"20221205_M1","M1","P","0"
"20221205_M1.35","C11","78P.-2",3,"78P.-2_3",96,"20221205_M1","M1","P","0"
"20221205_M1.36","C12","78P.-3",3,"78P.-3_3",96,"20221205_M1","M1","P","0"
"20221205_M1.37","D01","blank",4,"blank_4-20221110_M3",96,"20221205_M1","M1","P","0"
"20221205_M1.38","D02","neg",4,"neg_4-20221110_M3",96,"20221205_M1","M1","P","0"
"20221205_M1.39","D03","pos",4,"pos_4-20221110_M3",96,"20221205_M1","M1","P","2"
"20221205_M1.40","D04","76P.-1",4,"76P.-1_4",96,"20221205_M1","M1","P","0"
"20221205_M1.41","D05","76P.-2",4,"76P.-2_4",96,"20221205_M1","M1","P","0"
"20221205_M1.42","D06","76P.-3",4,"76P.-3_4",96,"20221205_M1","M1","P","0"
"20221205_M1.43","D07","77P.-1",4,"77P.-1_4",96,"20221205_M1","M1","P","0"
"20221205_M1.44","D08","77P.-2",4,"77P.-2_4",96,"20221205_M1","M1","P","0"
"20221205_M1.45","D09","77P.-3",4,"77P.-3_4",96,"20221205_M1","M1","P","0"
"20221205_M1.46","D10","78P.-1",4,"78P.-1_4",96,"20221205_M1","M1","P","0"
"20221205_M1.47","D11","78P.-2",4,"78P.-2_4",96,"20221205_M1","M1","P","0"
"20221205_M1.48","D12","78P.-3",4,"78P.-3_4",96,"20221205_M1","M1","P","0"
"20221205_M1.49","E01","blank",5,"blank_5-20221110_M3",96,"20221205_M1","M1","P","0"
"20221205_M1.50","E02","neg",5,"neg_5-20221110_M3",96,"20221205_M1","M1","P","1"
"20221205_M1.51","E03","pos",5,"pos_5-20221110_M3",96,"20221205_M1","M1","P","2"
"20221205_M1.52","E04","80P.-1",1,"80P.-1_1",96,"20221205_M1","M1","P","0"
"20221205_M1.53","E05","80P.-2",1,"80P.-2_1",96,"20221205_M1","M1","P","0"
"20221205_M1.54","E06","80P.-3",1,"80P.-3_1",96,"20221205_M1","M1","P","0"
"20221205_M1.55","E07","81P.-1",1,"81P.-1_1",96,"20221205_M1","M1","P","0"
"20221205_M1.56","E08","81P.-2",1,"81P.-2_1",96,"20221205_M1","M1","P","0"
"20221205_M1.57","E09","81P.-3",1,"81P.-3_1",96,"20221205_M1","M1","P","0"
"20221205_M1.58","E10","82P.-1",1,"82P.-1_1",96,"20221205_M1","M1","P","0"
"20221205_M1.59","E11","82P.-2",1,"82P.-2_1",96,"20221205_M1","M1","P","0"
"20221205_M1.60","E12","82P.-3",1,"82P.-3_1",96,"20221205_M1","M1","P","0"
"20221205_M1.61","F01","blank",6,"blank_6-20221110_M3",96,"20221205_M1","M1","P","0"
"20221205_M1.62","F02","neg",6,"neg_6-20221110_M3",96,"20221205_M1","M1","P","0"
"20221205_M1.63","F03","pos",6,"pos_6-20221110_M3",96,"20221205_M1","M1","P","2"
"20221205_M1.64","F04","80P.-1",2,"80P.-1_2",96,"20221205_M1","M1","P","0"
"20221205_M1.65","F05","80P.-2",2,"80P.-2_2",96,"20221205_M1","M1","P","0"
"20221205_M1.66","F06","80P.-3",2,"80P.-3_2",96,"20221205_M1","M1","P","0"
"20221205_M1.67","F07","81P.-1",2,"81P.-1_2",96,"20221205_M1","M1","P","0"
"20221205_M1.68","F08","81P.-2",2,"81P.-2_2",96,"20221205_M1","M1","P","0"
"20221205_M1.69","F09","81P.-3",2,"81P.-3_2",96,"20221205_M1","M1","P","0"
"20221205_M1.70","F10","82P.-1",2,"82P.-1_2",96,"20221205_M1","M1","P","0"
"20221205_M1.71","F11","82P.-2",2,"82P.-2_2",96,"20221205_M1","M1","P","0"
"20221205_M1.72","F12","82P.-3",2,"82P.-3_2",96,"20221205_M1","M1","P","0"
"20221205_M1.73","G01","blank",7,"blank_7-20221110_M3",96,"20221205_M1","M1","P","0"
"20221205_M1.74","G02","neg",7,"neg_7-20221110_M3",96,"20221205_M1","M1","P","0"
"20221205_M1.75","G03","pos",7,"pos_7-20221110_M3",96,"20221205_M1","M1","P","2"
"20221205_M1.76","G04","80P.-1",3,"80P.-1_3",96,"20221205_M1","M1","P","0"
"20221205_M1.77","G05","80P.-2",3,"80P.-2_3",96,"20221205_M1","M1","P","0"
"20221205_M1.78","G06","80P.-3",3,"80P.-3_3",96,"20221205_M1","M1","P","0"
"20221205_M1.79","G07","81P.-1",3,"81P.-1_3",96,"20221205_M1","M1","P","0"
"20221205_M1.80","G08","81P.-2",3,"81P.-2_3",96,"20221205_M1","M1","P","0"
"20221205_M1.81","G09","81P.-3",3,"81P.-3_3",96,"20221205_M1","M1","P","0"
"20221205_M1.82","G10","82P.-1",3,"82P.-1_3",96,"20221205_M1","M1","P","0"
"20221205_M1.83","G11","82P.-2",3,"82P.-2_3",96,"20221205_M1","M1","P","0"
"20221205_M1.84","G12","82P.-3",3,"82P.-3_3",96,"20221205_M1","M1","P","0"
"20221205_M1.85","H01","blank",8,"blank_8-20221110_M3",96,"20221205_M1","M1","P","0"
"20221205_M1.86","H02","neg",8,"neg_8-20221110_M3",96,"20221205_M1","M1","P","0"
"20221205_M1.87","H03","pos",8,"pos_8-20221110_M3",96,"20221205_M1","M1","P","2"
"20221205_M1.88","H04","80P.-1",4,"80P.-1_4",96,"20221205_M1","M1","P","0"
"20221205_M1.89","H05","80P.-2",4,"80P.-2_4",96,"20221205_M1","M1","P","0"
"20221205_M1.90","H06","80P.-3",4,"80P.-3_4",96,"20221205_M1","M1","P","0"
"20221205_M1.91","H07","81P.-1",4,"81P.-1_4",96,"20221205_M1","M1","P","0"
"20221205_M1.92","H08","81P.-2",4,"81P.-2_4",96,"20221205_M1","M1","P","0"
"20221205_M1.93","H09","81P.-3",4,"81P.-3_4",96,"20221205_M1","M1","P","0"
"20221205_M1.94","H10","82P.-1",4,"82P.-1_4",96,"20221205_M1","M1","P","0"
"20221205_M1.95","H11","82P.-2",4,"82P.-2_4",96,"20221205_M1","M1","P","0"
"20221205_M1.96","H12","82P.-3",4,"82P.-3_4",96,"20221205_M1","M1","P","0"
"20221205_M5.1","A01","blank",1,"blank_1-20221110_M3",96,"20221205_M5","M5","P","0"
"20221205_M5.2","A02","neg",1,"neg_1-20221110_M3",96,"20221205_M5","M5","P","0"
"20221205_M5.3","A03","pos",1,"pos_1-20221110_M3",96,"20221205_M5","M5","P","2"
"20221205_M5.4","A04","56P.-1",1,"56P.-1_1",96,"20221205_M5","M5","P","0"
"20221205_M5.5","A05","56P.-2",1,"56P.-2_1",96,"20221205_M5","M5","P","0"
"20221205_M5.6","A06","56P.-3",1,"56P.-3_1",96,"20221205_M5","M5","P","0"
"20221205_M5.7","A07","57P.-1",1,"57P.-1_1",96,"20221205_M5","M5","P","0"
"20221205_M5.8","A08","57P.-2",1,"57P.-2_1",96,"20221205_M5","M5","P","0"
"20221205_M5.9","A09","57P.-3",1,"57P.-3_1",96,"20221205_M5","M5","P","0"
"20221205_M5.10","A10","58P.-1",1,"58P.-1_1",96,"20221205_M5","M5","P","0"
"20221205_M5.11","A11","58P.-2",1,"58P.-2_1",96,"20221205_M5","M5","P","0"
"20221205_M5.12","A12","58P.-3",1,"58P.-3_1",96,"20221205_M5","M5","P","0"
"20221205_M5.13","B01","blank",2,"blank_2-20221110_M3",96,"20221205_M5","M5","P","0"
"20221205_M5.14","B02","neg",2,"neg_2-20221110_M3",96,"20221205_M5","M5","P","0"
"20221205_M5.15","B03","pos",2,"pos_2-20221110_M3",96,"20221205_M5","M5","P","2"
"20221205_M5.16","B04","56P.-1",2,"56P.-1_2",96,"20221205_M5","M5","P","0"
"20221205_M5.17","B05","56P.-2",2,"56P.-2_2",96,"20221205_M5","M5","P","0"
"20221205_M5.18","B06","56P.-3",2,"56P.-3_2",96,"20221205_M5","M5","P","0"
"20221205_M5.19","B07","57P.-1",2,"57P.-1_2",96,"20221205_M5","M5","P","0"
"20221205_M5.20","B08","57P.-2",2,"57P.-2_2",96,"20221205_M5","M5","P","0"
"20221205_M5.21","B09","57P.-3",2,"57P.-3_2",96,"20221205_M5","M5","P","0"
"20221205_M5.22","B10","58P.-1",2,"58P.-1_2",96,"20221205_M5","M5","P","0"
"20221205_M5.23","B11","58P.-2",2,"58P.-2_2",96,"20221205_M5","M5","P","0"
"20221205_M5.24","B12","58P.-3",2,"58P.-3_2",96,"20221205_M5","M5","P","0"
"20221205_M5.25","C01","blank",3,"blank_3-20221110_M3",96,"20221205_M5","M5","P","0"
"20221205_M5.26","C02","neg",3,"neg_3-20221110_M3",96,"20221205_M5","M5","P","0"
"20221205_M5.27","C03","pos",3,"pos_3-20221110_M3",96,"20221205_M5","M5","P","2"
"20221205_M5.28","C04","56P.-1",3,"56P.-1_3",96,"20221205_M5","M5","P","0"
"20221205_M5.29","C05","56P.-2",3,"56P.-2_3",96,"20221205_M5","M5","P","0"
"20221205_M5.30","C06","56P.-3",3,"56P.-3_3",96,"20221205_M5","M5","P","0"
"20221205_M5.31","C07","57P.-1",3,"57P.-1_3",96,"20221205_M5","M5","P","0"
"20221205_M5.32","C08","57P.-2",3,"57P.-2_3",96,"20221205_M5","M5","P","0"
"20221205_M5.33","C09","57P.-3",3,"57P.-3_3",96,"20221205_M5","M5","P","0"
"20221205_M5.34","C10","58P.-1",3,"58P.-1_3",96,"20221205_M5","M5","P","0"
"20221205_M5.35","C11","58P.-2",3,"58P.-2_3",96,"20221205_M5","M5","P","0"
"20221205_M5.36","C12","58P.-3",3,"58P.-3_3",96,"20221205_M5","M5","P","0"
"20221205_M5.37","D01","blank",4,"blank_4-20221110_M3",96,"20221205_M5","M5","P","0"
"20221205_M5.38","D02","neg",4,"neg_4-20221110_M3",96,"20221205_M5","M5","P","0"
"20221205_M5.39","D03","pos",4,"pos_4-20221110_M3",96,"20221205_M5","M5","P","2"
"20221205_M5.40","D04","56P.-1",4,"56P.-1_4",96,"20221205_M5","M5","P","0"
"20221205_M5.41","D05","56P.-2",4,"56P.-2_4",96,"20221205_M5","M5","P","0"
"20221205_M5.42","D06","56P.-3",4,"56P.-3_4",96,"20221205_M5","M5","P","0"
"20221205_M5.43","D07","57P.-1",4,"57P.-1_4",96,"20221205_M5","M5","P","0"
"20221205_M5.44","D08","57P.-2",4,"57P.-2_4",96,"20221205_M5","M5","P","0"
"20221205_M5.45","D09","57P.-3",4,"57P.-3_4",96,"20221205_M5","M5","P","0"
"20221205_M5.46","D10","58P.-1",4,"58P.-1_4",96,"20221205_M5","M5","P","0"
"20221205_M5.47","D11","58P.-2",4,"58P.-2_4",96,"20221205_M5","M5","P","0"
"20221205_M5.48","D12","58P.-3",4,"58P.-3_4",96,"20221205_M5","M5","P","0"
"20221205_M5.49","E01","blank",5,"blank_5-20221110_M3",96,"20221205_M5","M5","P","0"
"20221205_M5.50","E02","neg",5,"neg_5-20221110_M3",96,"20221205_M5","M5","P","0"
"20221205_M5.51","E03","pos",5,"pos_5-20221110_M3",96,"20221205_M5","M5","P","2"
"20221205_M5.52","E04","60P.-1",1,"60P.-1_1",96,"20221205_M5","M5","P","0"
"20221205_M5.53","E05","60P.-2",1,"60P.-2_1",96,"20221205_M5","M5","P","0"
"20221205_M5.54","E06","60P.-3",1,"60P.-3_1",96,"20221205_M5","M5","P","0"
"20221205_M5.55","E07","64P.-1",1,"64P.-1_1",96,"20221205_M5","M5","P","2"
"20221205_M5.56","E08","64P.-2",1,"64P.-2_1",96,"20221205_M5","M5","P","0"
"20221205_M5.57","E09","64P.-3",1,"64P.-3_1",96,"20221205_M5","M5","P","0"
"20221205_M5.58","E10","65P.-1",1,"65P.-1_1",96,"20221205_M5","M5","P","2"
"20221205_M5.59","E11","65P.-2",1,"65P.-2_1",96,"20221205_M5","M5","P","2"
"20221205_M5.60","E12","65P.-3",1,"65P.-3_1",96,"20221205_M5","M5","P","0"
"20221205_M5.61","F01","blank",6,"blank_6-20221114_M2",96,"20221205_M5","M5","P","0"
"20221205_M5.62","F02","neg",6,"neg_6-20221114_M2",96,"20221205_M5","M5","P","0"
"20221205_M5.63","F03","pos",6,"pos_6-20221114_M2",96,"20221205_M5","M5","P","2"
"20221205_M5.64","F04","60P.-1",2,"60P.-1_2",96,"20221205_M5","M5","P","0"
"20221205_M5.65","F05","60P.-2",2,"60P.-2_2",96,"20221205_M5","M5","P","0"
"20221205_M5.66","F06","60P.-3",2,"60P.-3_2",96,"20221205_M5","M5","P","0"
"20221205_M5.67","F07","64P.-1",2,"64P.-1_2",96,"20221205_M5","M5","P","2"
"20221205_M5.68","F08","64P.-2",2,"64P.-2_2",96,"20221205_M5","M5","P","0"
"20221205_M5.69","F09","64P.-3",2,"64P.-3_2",96,"20221205_M5","M5","P","0"
"20221205_M5.70","F10","65P.-1",2,"65P.-1_2",96,"20221205_M5","M5","P","2"
"20221205_M5.71","F11","65P.-2",2,"65P.-2_2",96,"20221205_M5","M5","P","2"
"20221205_M5.72","F12","65P.-3",2,"65P.-3_2",96,"20221205_M5","M5","P","0"
"20221205_M5.73","G01","blank",7,"blank_7-20221114_M2",96,"20221205_M5","M5","P","0"
"20221205_M5.74","G02","neg",7,"neg_7-20221114_M2",96,"20221205_M5","M5","P","0"
"20221205_M5.75","G03","pos",7,"pos_7-20221114_M2",96,"20221205_M5","M5","P","2"
"20221205_M5.76","G04","60P.-1",3,"60P.-1_3",96,"20221205_M5","M5","P","0"
"20221205_M5.77","G05","60P.-2",3,"60P.-2_3",96,"20221205_M5","M5","P","0"
"20221205_M5.78","G06","60P.-3",3,"60P.-3_3",96,"20221205_M5","M5","P","0"
"20221205_M5.79","G07","64P.-1",3,"64P.-1_3",96,"20221205_M5","M5","P","2"
"20221205_M5.80","G08","64P.-2",3,"64P.-2_3",96,"20221205_M5","M5","P","0"
"20221205_M5.81","G09","64P.-3",3,"64P.-3_3",96,"20221205_M5","M5","P","0"
"20221205_M5.82","G10","65P.-1",3,"65P.-1_3",96,"20221205_M5","M5","P","2"
"20221205_M5.83","G11","65P.-2",3,"65P.-2_3",96,"20221205_M5","M5","P","2"
"20221205_M5.84","G12","65P.-3",3,"65P.-3_3",96,"20221205_M5","M5","P","0"
"20221205_M5.85","H01","blank",8,"blank_8-20221114_M2",96,"20221205_M5","M5","P","0"
"20221205_M5.86","H02","neg",8,"neg_8-20221114_M2",96,"20221205_M5","M5","P","0"
"20221205_M5.87","H03","pos",8,"pos_8-20221114_M2",96,"20221205_M5","M5","P","2"
"20221205_M5.88","H04","60P.-1",4,"60P.-1_4",96,"20221205_M5","M5","P","0"
"20221205_M5.89","H05","60P.-2",4,"60P.-2_4",96,"20221205_M5","M5","P","0"
"20221205_M5.90","H06","60P.-3",4,"60P.-3_4",96,"20221205_M5","M5","P","0"
"20221205_M5.91","H07","64P.-1",4,"64P.-1_4",96,"20221205_M5","M5","P","2"
"20221205_M5.92","H08","64P.-2",4,"64P.-2_4",96,"20221205_M5","M5","P","0"
"20221205_M5.93","H09","64P.-3",4,"64P.-3_4",96,"20221205_M5","M5","P","0"
"20221205_M5.94","H10","65P.-1",4,"65P.-1_4",96,"20221205_M5","M5","P","2"
"20221205_M5.95","H11","65P.-2",4,"65P.-2_4",96,"20221205_M5","M5","P","2"
"20221205_M5.96","H12","65P.-3",4,"65P.-3_4",96,"20221205_M5","M5","P","0"
"20221205_M6.1","A01","blank",1,"blank_1-20221114_M2",96,"20221205_M6","M6","P","0"
"20221205_M6.2","A02","neg",1,"neg_1-20221114_M2",96,"20221205_M6","M6","P","0"
"20221205_M6.3","A03","pos",1,"pos_1-20221114_M2",96,"20221205_M6","M6","P","2"
"20221205_M6.4","A04","66P.-1",1,"66P.-1_1",96,"20221205_M6","M6","P","2"
"20221205_M6.5","A05","66P.-2",1,"66P.-2_1",96,"20221205_M6","M6","P","0"
"20221205_M6.6","A06","66P.-3",1,"66P.-3_1",96,"20221205_M6","M6","P","0"
"20221205_M6.7","A07","68P.-1",1,"68P.-1_1",96,"20221205_M6","M6","P","1"
"20221205_M6.8","A08","68P.-2",1,"68P.-2_1",96,"20221205_M6","M6","P","0"
"20221205_M6.9","A09","68P.-3",1,"68P.-3_1",96,"20221205_M6","M6","P","0"
"20221205_M6.10","A10","69P.-1",1,"69P.-1_1",96,"20221205_M6","M6","P","2"
"20221205_M6.11","A11","69P.-2",1,"69P.-2_1",96,"20221205_M6","M6","P","2"
"20221205_M6.12","A12","69P.-3",1,"69P.-3_1",96,"20221205_M6","M6","P","2"
"20221205_M6.13","B01","blank",2,"blank_2-20221114_M2",96,"20221205_M6","M6","P","0"
"20221205_M6.14","B02","neg",2,"neg_2-20221114_M2",96,"20221205_M6","M6","P","0"
"20221205_M6.15","B03","pos",2,"pos_2-20221114_M2",96,"20221205_M6","M6","P","2"
"20221205_M6.16","B04","66P.-1",2,"66P.-1_2",96,"20221205_M6","M6","P","2"
"20221205_M6.17","B05","66P.-2",2,"66P.-2_2",96,"20221205_M6","M6","P","0"
"20221205_M6.18","B06","66P.-3",2,"66P.-3_2",96,"20221205_M6","M6","P","0"
"20221205_M6.19","B07","68P.-1",2,"68P.-1_2",96,"20221205_M6","M6","P","1"
"20221205_M6.20","B08","68P.-2",2,"68P.-2_2",96,"20221205_M6","M6","P","0"
"20221205_M6.21","B09","68P.-3",2,"68P.-3_2",96,"20221205_M6","M6","P","0"
"20221205_M6.22","B10","69P.-1",2,"69P.-1_2",96,"20221205_M6","M6","P","2"
"20221205_M6.23","B11","69P.-2",2,"69P.-2_2",96,"20221205_M6","M6","P","2"
"20221205_M6.24","B12","69P.-3",2,"69P.-3_2",96,"20221205_M6","M6","P","2"
"20221205_M6.25","C01","blank",3,"blank_3-20221114_M2",96,"20221205_M6","M6","P","0"
"20221205_M6.26","C02","neg",3,"neg_3-20221114_M2",96,"20221205_M6","M6","P","0"
"20221205_M6.27","C03","pos",3,"pos_3-20221114_M2",96,"20221205_M6","M6","P","2"
"20221205_M6.28","C04","66P.-1",3,"66P.-1_3",96,"20221205_M6","M6","P","2"
"20221205_M6.29","C05","66P.-2",3,"66P.-2_3",96,"20221205_M6","M6","P","0"
"20221205_M6.30","C06","66P.-3",3,"66P.-3_3",96,"20221205_M6","M6","P","0"
"20221205_M6.31","C07","68P.-1",3,"68P.-1_3",96,"20221205_M6","M6","P","0"
"20221205_M6.32","C08","68P.-2",3,"68P.-2_3",96,"20221205_M6","M6","P","0"
"20221205_M6.33","C09","68P.-3",3,"68P.-3_3",96,"20221205_M6","M6","P","0"
"20221205_M6.34","C10","69P.-1",3,"69P.-1_3",96,"20221205_M6","M6","P","2"
"20221205_M6.35","C11","69P.-2",3,"69P.-2_3",96,"20221205_M6","M6","P","2"
"20221205_M6.36","C12","69P.-3",3,"69P.-3_3",96,"20221205_M6","M6","P","2"
"20221205_M6.37","D01","blank",4,"blank_4-20221114_M2",96,"20221205_M6","M6","P","0"
"20221205_M6.38","D02","neg",4,"neg_4-20221114_M2",96,"20221205_M6","M6","P","0"
"20221205_M6.39","D03","pos",4,"pos_4-20221114_M2",96,"20221205_M6","M6","P","2"
"20221205_M6.40","D04","66P.-1",4,"66P.-1_4",96,"20221205_M6","M6","P","2"
"20221205_M6.41","D05","66P.-2",4,"66P.-2_4",96,"20221205_M6","M6","P","0"
"20221205_M6.42","D06","66P.-3",4,"66P.-3_4",96,"20221205_M6","M6","P","0"
"20221205_M6.43","D07","68P.-1",4,"68P.-1_4",96,"20221205_M6","M6","P","0"
"20221205_M6.44","D08","68P.-2",4,"68P.-2_4",96,"20221205_M6","M6","P","1"
"20221205_M6.45","D09","68P.-3",4,"68P.-3_4",96,"20221205_M6","M6","P","0"
"20221205_M6.46","D10","69P.-1",4,"69P.-1_4",96,"20221205_M6","M6","P","2"
"20221205_M6.47","D11","69P.-2",4,"69P.-2_4",96,"20221205_M6","M6","P","2"
"20221205_M6.48","D12","69P.-3",4,"69P.-3_4",96,"20221205_M6","M6","P","2"
"20221205_M6.49","E01","blank",5,"blank_5-20221114_M2",96,"20221205_M6","M6","P","0"
"20221205_M6.50","E02","neg",5,"neg_5-20221114_M2",96,"20221205_M6","M6","P","0"
"20221205_M6.51","E03","pos",5,"pos_5-20221114_M2",96,"20221205_M6","M6","P","2"
"20221205_M6.52","E04","70P.-1",1,"70P.-1_1",96,"20221205_M6","M6","P","2"
"20221205_M6.53","E05","70P.-2",1,"70P.-2_1",96,"20221205_M6","M6","P","2"
"20221205_M6.54","E06","70P.-3",1,"70P.-3_1",96,"20221205_M6","M6","P","2"
"20221205_M6.55","E07","72P.-1",1,"72P.-1_1",96,"20221205_M6","M6","P","2"
"20221205_M6.56","E08","72P.-2",1,"72P.-2_1",96,"20221205_M6","M6","P","0"
"20221205_M6.57","E09","72P.-3",1,"72P.-3_1",96,"20221205_M6","M6","P","0"
"20221205_M6.58","E10","74P.-1",1,"74P.-1_1",96,"20221205_M6","M6","P","0"
"20221205_M6.59","E11","74P.-2",1,"74P.-2_1",96,"20221205_M6","M6","P","0"
"20221205_M6.60","E12","74P.-3",1,"74P.-3_1",96,"20221205_M6","M6","P","0"
"20221205_M6.61","F01","blank",6,"blank_6-20221114_M2",96,"20221205_M6","M6","P","0"
"20221205_M6.62","F02","neg",6,"neg_6-20221114_M2",96,"20221205_M6","M6","P","0"
"20221205_M6.63","F03","pos",6,"pos_6-20221114_M2",96,"20221205_M6","M6","P","2"
"20221205_M6.64","F04","70P.-1",2,"70P.-1_2",96,"20221205_M6","M6","P","2"
"20221205_M6.65","F05","70P.-2",2,"70P.-2_2",96,"20221205_M6","M6","P","2"
"20221205_M6.66","F06","70P.-3",2,"70P.-3_2",96,"20221205_M6","M6","P","2"
"20221205_M6.67","F07","72P.-1",2,"72P.-1_2",96,"20221205_M6","M6","P","2"
"20221205_M6.68","F08","72P.-2",2,"72P.-2_2",96,"20221205_M6","M6","P","0"
"20221205_M6.69","F09","72P.-3",2,"72P.-3_2",96,"20221205_M6","M6","P","0"
"20221205_M6.70","F10","74P.-1",2,"74P.-1_2",96,"20221205_M6","M6","P","0"
"20221205_M6.71","F11","74P.-2",2,"74P.-2_2",96,"20221205_M6","M6","P","0"
"20221205_M6.72","F12","74P.-3",2,"74P.-3_2",96,"20221205_M6","M6","P","0"
"20221205_M6.73","G01","blank",7,"blank_7-20221114_M2",96,"20221205_M6","M6","P","0"
"20221205_M6.74","G02","neg",7,"neg_7-20221114_M2",96,"20221205_M6","M6","P","0"
"20221205_M6.75","G03","pos",7,"pos_7-20221114_M2",96,"20221205_M6","M6","P","2"
"20221205_M6.76","G04","70P.-1",3,"70P.-1_3",96,"20221205_M6","M6","P","2"
"20221205_M6.77","G05","70P.-2",3,"70P.-2_3",96,"20221205_M6","M6","P","2"
"20221205_M6.78","G06","70P.-3",3,"70P.-3_3",96,"20221205_M6","M6","P","2"
"20221205_M6.79","G07","72P.-1",3,"72P.-1_3",96,"20221205_M6","M6","P","2"
"20221205_M6.80","G08","72P.-2",3,"72P.-2_3",96,"20221205_M6","M6","P","1"
"20221205_M6.81","G09","72P.-3",3,"72P.-3_3",96,"20221205_M6","M6","P","1"
"20221205_M6.82","G10","74P.-1",3,"74P.-1_3",96,"20221205_M6","M6","P","0"
"20221205_M6.83","G11","74P.-2",3,"74P.-2_3",96,"20221205_M6","M6","P","0"
"20221205_M6.84","G12","74P.-3",3,"74P.-3_3",96,"20221205_M6","M6","P","0"
"20221205_M6.85","H01","blank",8,"blank_8-20221114_M2",96,"20221205_M6","M6","P","0"
"20221205_M6.86","H02","neg",8,"neg_8-20221114_M2",96,"20221205_M6","M6","P","0"
"20221205_M6.87","H03","pos",8,"pos_8-20221114_M2",96,"20221205_M6","M6","P","2"
"20221205_M6.88","H04","70P.-1",4,"70P.-1_4",96,"20221205_M6","M6","P","2"
"20221205_M6.89","H05","70P.-2",4,"70P.-2_4",96,"20221205_M6","M6","P","2"
"20221205_M6.90","H06","70P.-3",4,"70P.-3_4",96,"20221205_M6","M6","P","2"
"20221205_M6.91","H07","72P.-1",4,"72P.-1_4",96,"20221205_M6","M6","P","2"
"20221205_M6.92","H08","72P.-2",4,"72P.-2_4",96,"20221205_M6","M6","P","1"
"20221205_M6.93","H09","72P.-3",4,"72P.-3_4",96,"20221205_M6","M6","P","0"
"20221205_M6.94","H10","74P.-1",4,"74P.-1_4",96,"20221205_M6","M6","P","0"
"20221205_M6.95","H11","74P.-2",4,"74P.-2_4",96,"20221205_M6","M6","P","0"
"20221205_M6.96","H12","74P.-3",4,"74P.-3_4",96,"20221205_M6","M6","P","0"
"20221209_M2.1","A01","blank",1,"blank_1-20221114_M2",96,"20221209_M2","M2","P","0"
"20221209_M2.2","A02","neg",1,"neg_1-20221114_M2",96,"20221209_M2","M2","P","0"
"20221209_M2.3","A03","pos",1,"pos_1-20221114_M2",96,"20221209_M2","M2","P","2"
"20221209_M2.4","A04","84P.-1",1,"84P.-1_1",96,"20221209_M2","M2","P","0"
"20221209_M2.5","A05","84P.-2",1,"84P.-2_1",96,"20221209_M2","M2","P","0"
"20221209_M2.6","A06","84P.-3",1,"84P.-3_1",96,"20221209_M2","M2","P","0"
"20221209_M2.7","A07","86P.-1",1,"86P.-1_1",96,"20221209_M2","M2","P","0"
"20221209_M2.8","A08","86P.-2",1,"86P.-2_1",96,"20221209_M2","M2","P","0"
"20221209_M2.9","A09","86P.-3",1,"86P.-3_1",96,"20221209_M2","M2","P","0"
"20221209_M2.10","A10","88P.-1",1,"88P.-1_1",96,"20221209_M2","M2","P","0"
"20221209_M2.11","A11","88P.-2",1,"88P.-2_1",96,"20221209_M2","M2","P","0"
"20221209_M2.12","A12","88P.-3",1,"88P.-3_1",96,"20221209_M2","M2","P","0"
"20221209_M2.13","B01","blank",2,"blank_2-20221114_M2",96,"20221209_M2","M2","P","0"
"20221209_M2.14","B02","neg",2,"neg_2-20221114_M2",96,"20221209_M2","M2","P","0"
"20221209_M2.15","B03","pos",2,"pos_2-20221114_M2",96,"20221209_M2","M2","P","2"
"20221209_M2.16","B04","84P.-1",2,"84P.-1_2",96,"20221209_M2","M2","P","0"
"20221209_M2.17","B05","84P.-2",2,"84P.-2_2",96,"20221209_M2","M2","P","0"
"20221209_M2.18","B06","84P.-3",2,"84P.-3_2",96,"20221209_M2","M2","P","0"
"20221209_M2.19","B07","86P.-1",2,"86P.-1_2",96,"20221209_M2","M2","P","0"
"20221209_M2.20","B08","86P.-2",2,"86P.-2_2",96,"20221209_M2","M2","P","0"
"20221209_M2.21","B09","86P.-3",2,"86P.-3_2",96,"20221209_M2","M2","P","0"
"20221209_M2.22","B10","88P.-1",2,"88P.-1_2",96,"20221209_M2","M2","P","0"
"20221209_M2.23","B11","88P.-2",2,"88P.-2_2",96,"20221209_M2","M2","P","0"
"20221209_M2.24","B12","88P.-3",2,"88P.-3_2",96,"20221209_M2","M2","P","0"
"20221209_M2.25","C01","blank",3,"blank_3-20221114_M2",96,"20221209_M2","M2","P","0"
"20221209_M2.26","C02","neg",3,"neg_3-20221114_M2",96,"20221209_M2","M2","P","0"
"20221209_M2.27","C03","pos",3,"pos_3-20221114_M2",96,"20221209_M2","M2","P","2"
"20221209_M2.28","C04","84P.-1",3,"84P.-1_3",96,"20221209_M2","M2","P","0"
"20221209_M2.29","C05","84P.-2",3,"84P.-2_3",96,"20221209_M2","M2","P","0"
"20221209_M2.30","C06","84P.-3",3,"84P.-3_3",96,"20221209_M2","M2","P","0"
"20221209_M2.31","C07","86P.-1",3,"86P.-1_3",96,"20221209_M2","M2","P","0"
"20221209_M2.32","C08","86P.-2",3,"86P.-2_3",96,"20221209_M2","M2","P","0"
"20221209_M2.33","C09","86P.-3",3,"86P.-3_3",96,"20221209_M2","M2","P","0"
"20221209_M2.34","C10","88P.-1",3,"88P.-1_3",96,"20221209_M2","M2","P","0"
"20221209_M2.35","C11","88P.-2",3,"88P.-2_3",96,"20221209_M2","M2","P","0"
"20221209_M2.36","C12","88P.-3",3,"88P.-3_3",96,"20221209_M2","M2","P","0"
"20221209_M2.37","D01","blank",4,"blank_4-20221114_M2",96,"20221209_M2","M2","P","0"
"20221209_M2.38","D02","neg",4,"neg_4-20221114_M2",96,"20221209_M2","M2","P","0"
"20221209_M2.39","D03","pos",4,"pos_4-20221114_M2",96,"20221209_M2","M2","P","2"
"20221209_M2.40","D04","84P.-1",4,"84P.-1_4",96,"20221209_M2","M2","P","0"
"20221209_M2.41","D05","84P.-2",4,"84P.-2_4",96,"20221209_M2","M2","P","0"
"20221209_M2.42","D06","84P.-3",4,"84P.-3_4",96,"20221209_M2","M2","P","0"
"20221209_M2.43","D07","86P.-1",4,"86P.-1_4",96,"20221209_M2","M2","P","0"
"20221209_M2.44","D08","86P.-2",4,"86P.-2_4",96,"20221209_M2","M2","P","0"
"20221209_M2.45","D09","86P.-3",4,"86P.-3_4",96,"20221209_M2","M2","P","0"
"20221209_M2.46","D10","88P.-1",4,"88P.-1_4",96,"20221209_M2","M2","P","0"
"20221209_M2.47","D11","88P.-2",4,"88P.-2_4",96,"20221209_M2","M2","P","0"
"20221209_M2.48","D12","88P.-3",4,"88P.-3_4",96,"20221209_M2","M2","P","0"
"20221209_M2.49","E01","blank",5,"blank_5-20221114_M2",96,"20221209_M2","M2","P","0"
"20221209_M2.50","E02","neg",5,"neg_5-20221114_M2",96,"20221209_M2","M2","P","0"
"20221209_M2.51","E03","pos",5,"pos_5-20221114_M2",96,"20221209_M2","M2","P","2"
"20221209_M2.52","E04","89P.-1",1,"89P.-1_1",96,"20221209_M2","M2","P","0"
"20221209_M2.53","E05","89P.-2",1,"89P.-2_1",96,"20221209_M2","M2","P","0"
"20221209_M2.54","E06","89P.-3",1,"89P.-3_1",96,"20221209_M2","M2","P","0"
"20221209_M2.55","E07","90P.-1",1,"90P.-1_1",96,"20221209_M2","M2","P","0"
"20221209_M2.56","E08","90P.-2",1,"90P.-2_1",96,"20221209_M2","M2","P","0"
"20221209_M2.57","E09","90P.-3",1,"90P.-3_1",96,"20221209_M2","M2","P","0"
"20221209_M2.58","E10","92P.-1",1,"92P.-1_1",96,"20221209_M2","M2","P","0"
"20221209_M2.59","E11","92P.-2",1,"92P.-2_1",96,"20221209_M2","M2","P","0"
"20221209_M2.60","E12","92P.-3",1,"92P.-3_1",96,"20221209_M2","M2","P","0"
"20221209_M2.61","F01","blank",6,"blank_6-20221114_M2",96,"20221209_M2","M2","P","1"
"20221209_M2.62","F02","neg",6,"neg_6-20221114_M2",96,"20221209_M2","M2","P","0"
"20221209_M2.63","F03","pos",6,"pos_6-20221114_M2",96,"20221209_M2","M2","P","2"
"20221209_M2.64","F04","89P.-1",2,"89P.-1_2",96,"20221209_M2","M2","P","0"
"20221209_M2.65","F05","89P.-2",2,"89P.-2_2",96,"20221209_M2","M2","P","0"
"20221209_M2.66","F06","89P.-3",2,"89P.-3_2",96,"20221209_M2","M2","P","0"
"20221209_M2.67","F07","90P.-1",2,"90P.-1_2",96,"20221209_M2","M2","P","0"
"20221209_M2.68","F08","90P.-2",2,"90P.-2_2",96,"20221209_M2","M2","P","0"
"20221209_M2.69","F09","90P.-3",2,"90P.-3_2",96,"20221209_M2","M2","P","0"
"20221209_M2.70","F10","92P.-1",2,"92P.-1_2",96,"20221209_M2","M2","P","0"
"20221209_M2.71","F11","92P.-2",2,"92P.-2_2",96,"20221209_M2","M2","P","0"
"20221209_M2.72","F12","92P.-3",2,"92P.-3_2",96,"20221209_M2","M2","P","0"
"20221209_M2.73","G01","blank",7,"blank_7-20221114_M2",96,"20221209_M2","M2","P","0"
"20221209_M2.74","G02","neg",7,"neg_7-20221114_M2",96,"20221209_M2","M2","P","0"
"20221209_M2.75","G03","pos",7,"pos_7-20221114_M2",96,"20221209_M2","M2","P","2"
"20221209_M2.76","G04","89P.-1",3,"89P.-1_3",96,"20221209_M2","M2","P","0"
"20221209_M2.77","G05","89P.-2",3,"89P.-2_3",96,"20221209_M2","M2","P","0"
"20221209_M2.78","G06","89P.-3",3,"89P.-3_3",96,"20221209_M2","M2","P","0"
"20221209_M2.79","G07","90P.-1",3,"90P.-1_3",96,"20221209_M2","M2","P","0"
"20221209_M2.80","G08","90P.-2",3,"90P.-2_3",96,"20221209_M2","M2","P","0"
"20221209_M2.81","G09","90P.-3",3,"90P.-3_3",96,"20221209_M2","M2","P","0"
"20221209_M2.82","G10","92P.-1",3,"92P.-1_3",96,"20221209_M2","M2","P","0"
"20221209_M2.83","G11","92P.-2",3,"92P.-2_3",96,"20221209_M2","M2","P","0"
"20221209_M2.84","G12","92P.-3",3,"92P.-3_3",96,"20221209_M2","M2","P","0"
"20221209_M2.85","H01","blank",8,"blank_8-20221114_M2",96,"20221209_M2","M2","P","0"
"20221209_M2.86","H02","neg",8,"neg_8-20221114_M2",96,"20221209_M2","M2","P","0"
"20221209_M2.87","H03","pos",8,"pos_8-20221114_M2",96,"20221209_M2","M2","P","2"
"20221209_M2.88","H04","89P.-1",4,"89P.-1_4",96,"20221209_M2","M2","P","0"
"20221209_M2.89","H05","89P.-2",4,"89P.-2_4",96,"20221209_M2","M2","P","0"
"20221209_M2.90","H06","89P.-3",4,"89P.-3_4",96,"20221209_M2","M2","P","0"
"20221209_M2.91","H07","90P.-1",4,"90P.-1_4",96,"20221209_M2","M2","P","0"
"20221209_M2.92","H08","90P.-2",4,"90P.-2_4",96,"20221209_M2","M2","P","0"
"20221209_M2.93","H09","90P.-3",4,"90P.-3_4",96,"20221209_M2","M2","P","0"
"20221209_M2.94","H10","92P.-1",4,"92P.-1_4",96,"20221209_M2","M2","P","0"
"20221209_M2.95","H11","92P.-2",4,"92P.-2_4",96,"20221209_M2","M2","P","0"
"20221209_M2.96","H12","92P.-3",4,"92P.-3_4",96,"20221209_M2","M2","P","0"
"20221209_M3.1","A01","blank",1,"blank_1-20221114_M2",96,"20221209_M3","M3","P","0"
"20221209_M3.2","A02","neg",1,"neg_1-20221114_M2",96,"20221209_M3","M3","P","0"
"20221209_M3.3","A03","pos",1,"pos_1-20221114_M2",96,"20221209_M3","M3","P","2"
"20221209_M3.4","A04","93P.-1",1,"93P.-1_1",96,"20221209_M3","M3","P","0"
"20221209_M3.5","A05","93P.-2",1,"93P.-2_1",96,"20221209_M3","M3","P","0"
"20221209_M3.6","A06","93P.-3",1,"93P.-3_1",96,"20221209_M3","M3","P","0"
"20221209_M3.7","A07","94P.-1",1,"94P.-1_1",96,"20221209_M3","M3","P","0"
"20221209_M3.8","A08","94P.-2",1,"94P.-2_1",96,"20221209_M3","M3","P","0"
"20221209_M3.9","A09","94P.-3",1,"94P.-3_1",96,"20221209_M3","M3","P","0"
"20221209_M3.10","A10","96P.-1",1,"96P.-1_1",96,"20221209_M3","M3","P","0"
"20221209_M3.11","A11","96P.-2",1,"96P.-2_1",96,"20221209_M3","M3","P","0"
"20221209_M3.12","A12","96P.-3",1,"96P.-3_1",96,"20221209_M3","M3","P","0"
"20221209_M3.13","B01","blank",2,"blank_2-20221114_M2",96,"20221209_M3","M3","P","0"
"20221209_M3.14","B02","neg",2,"neg_2-20221114_M2",96,"20221209_M3","M3","P","0"
"20221209_M3.15","B03","pos",2,"pos_2-20221114_M2",96,"20221209_M3","M3","P","2"
"20221209_M3.16","B04","93P.-1",2,"93P.-1_2",96,"20221209_M3","M3","P","0"
"20221209_M3.17","B05","93P.-2",2,"93P.-2_2",96,"20221209_M3","M3","P","0"
"20221209_M3.18","B06","93P.-3",2,"93P.-3_2",96,"20221209_M3","M3","P","0"
"20221209_M3.19","B07","94P.-1",2,"94P.-1_2",96,"20221209_M3","M3","P","0"
"20221209_M3.20","B08","94P.-2",2,"94P.-2_2",96,"20221209_M3","M3","P","0"
"20221209_M3.21","B09","94P.-3",2,"94P.-3_2",96,"20221209_M3","M3","P","0"
"20221209_M3.22","B10","96P.-1",2,"96P.-1_2",96,"20221209_M3","M3","P","0"
"20221209_M3.23","B11","96P.-2",2,"96P.-2_2",96,"20221209_M3","M3","P","0"
"20221209_M3.24","B12","96P.-3",2,"96P.-3_2",96,"20221209_M3","M3","P","0"
"20221209_M3.25","C01","blank",3,"blank_3-20221114_M2",96,"20221209_M3","M3","P","0"
"20221209_M3.26","C02","neg",3,"neg_3-20221114_M2",96,"20221209_M3","M3","P","0"
"20221209_M3.27","C03","pos",3,"pos_3-20221114_M2",96,"20221209_M3","M3","P","2"
"20221209_M3.28","C04","93P.-1",3,"93P.-1_3",96,"20221209_M3","M3","P","0"
"20221209_M3.29","C05","93P.-2",3,"93P.-2_3",96,"20221209_M3","M3","P","0"
"20221209_M3.30","C06","93P.-3",3,"93P.-3_3",96,"20221209_M3","M3","P","0"
"20221209_M3.31","C07","94P.-1",3,"94P.-1_3",96,"20221209_M3","M3","P","0"
"20221209_M3.32","C08","94P.-2",3,"94P.-2_3",96,"20221209_M3","M3","P","0"
"20221209_M3.33","C09","94P.-3",3,"94P.-3_3",96,"20221209_M3","M3","P","0"
"20221209_M3.34","C10","96P.-1",3,"96P.-1_3",96,"20221209_M3","M3","P","0"
"20221209_M3.35","C11","96P.-2",3,"96P.-2_3",96,"20221209_M3","M3","P","0"
"20221209_M3.36","C12","96P.-3",3,"96P.-3_3",96,"20221209_M3","M3","P","0"
"20221209_M3.37","D01","blank",4,"blank_4-20221114_M2",96,"20221209_M3","M3","P","0"
"20221209_M3.38","D02","neg",4,"neg_4-20221114_M2",96,"20221209_M3","M3","P","0"
"20221209_M3.39","D03","pos",4,"pos_4-20221114_M2",96,"20221209_M3","M3","P","2"
"20221209_M3.40","D04","93P.-1",4,"93P.-1_4",96,"20221209_M3","M3","P","0"
"20221209_M3.41","D05","93P.-2",4,"93P.-2_4",96,"20221209_M3","M3","P","0"
"20221209_M3.42","D06","93P.-3",4,"93P.-3_4",96,"20221209_M3","M3","P","0"
"20221209_M3.43","D07","94P.-1",4,"94P.-1_4",96,"20221209_M3","M3","P","0"
"20221209_M3.44","D08","94P.-2",4,"94P.-2_4",96,"20221209_M3","M3","P","0"
"20221209_M3.45","D09","94P.-3",4,"94P.-3_4",96,"20221209_M3","M3","P","0"
"20221209_M3.46","D10","96P.-1",4,"96P.-1_4",96,"20221209_M3","M3","P","0"
"20221209_M3.47","D11","96P.-2",4,"96P.-2_4",96,"20221209_M3","M3","P","0"
"20221209_M3.48","D12","96P.-3",4,"96P.-3_4",96,"20221209_M3","M3","P","0"
"20221209_M3.49","E01","blank",5,"blank_5-20221114_M2",96,"20221209_M3","M3","P","0"
"20221209_M3.50","E02","neg",5,"neg_5-20221114_M2",96,"20221209_M3","M3","P","0"
"20221209_M3.51","E03","pos",5,"pos_5-20221114_M2",96,"20221209_M3","M3","P","2"
"20221209_M3.52","E04","98P.-1",1,"98P.-1_1",96,"20221209_M3","M3","P","0"
"20221209_M3.53","E05","98P.-2",1,"98P.-2_1",96,"20221209_M3","M3","P","0"
"20221209_M3.54","E06","98P.-3",1,"98P.-3_1",96,"20221209_M3","M3","P","0"
"20221209_M3.55","E07","100P.-1",1,"100P.-1_1",96,"20221209_M3","M3","P","0"
"20221209_M3.56","E08","100P.-2",1,"100P.-2_1",96,"20221209_M3","M3","P","0"
"20221209_M3.57","E09","100P.-3",1,"100P.-3_1",96,"20221209_M3","M3","P","0"
"20221209_M3.58","E10","101P.-1",1,"101P.-1_1",96,"20221209_M3","M3","P","0"
"20221209_M3.59","E11","101P.-2",1,"101P.-2_1",96,"20221209_M3","M3","P","0"
"20221209_M3.60","E12","101P.-3",1,"101P.-3_1",96,"20221209_M3","M3","P","0"
"20221209_M3.61","F01","blank",6,"blank_6-20221114_M2",96,"20221209_M3","M3","P","0"
"20221209_M3.62","F02","neg",6,"neg_6-20221114_M2",96,"20221209_M3","M3","P","0"
"20221209_M3.63","F03","pos",6,"pos_6-20221114_M2",96,"20221209_M3","M3","P","2"
"20221209_M3.64","F04","98P.-1",2,"98P.-1_2",96,"20221209_M3","M3","P","0"
"20221209_M3.65","F05","98P.-2",2,"98P.-2_2",96,"20221209_M3","M3","P","0"
"20221209_M3.66","F06","98P.-3",2,"98P.-3_2",96,"20221209_M3","M3","P","0"
"20221209_M3.67","F07","100P.-1",2,"100P.-1_2",96,"20221209_M3","M3","P","0"
"20221209_M3.68","F08","100P.-2",2,"100P.-2_2",96,"20221209_M3","M3","P","0"
"20221209_M3.69","F09","100P.-3",2,"100P.-3_2",96,"20221209_M3","M3","P","0"
"20221209_M3.70","F10","101P.-1",2,"101P.-1_2",96,"20221209_M3","M3","P","0"
"20221209_M3.71","F11","101P.-2",2,"101P.-2_2",96,"20221209_M3","M3","P","0"
"20221209_M3.72","F12","101P.-3",2,"101P.-3_2",96,"20221209_M3","M3","P","0"
"20221209_M3.73","G01","blank",7,"blank_7-20221114_M2",96,"20221209_M3","M3","P","0"
"20221209_M3.74","G02","neg",7,"neg_7-20221114_M2",96,"20221209_M3","M3","P","0"
"20221209_M3.75","G03","pos",7,"pos_7-20221114_M2",96,"20221209_M3","M3","P","2"
"20221209_M3.76","G04","98P.-1",3,"98P.-1_3",96,"20221209_M3","M3","P","0"
"20221209_M3.77","G05","98P.-2",3,"98P.-2_3",96,"20221209_M3","M3","P","0"
"20221209_M3.78","G06","98P.-3",3,"98P.-3_3",96,"20221209_M3","M3","P","0"
"20221209_M3.79","G07","100P.-1",3,"100P.-1_3",96,"20221209_M3","M3","P","0"
"20221209_M3.80","G08","100P.-2",3,"100P.-2_3",96,"20221209_M3","M3","P","0"
"20221209_M3.81","G09","100P.-3",3,"100P.-3_3",96,"20221209_M3","M3","P","0"
"20221209_M3.82","G10","101P.-1",3,"101P.-1_3",96,"20221209_M3","M3","P","0"
"20221209_M3.83","G11","101P.-2",3,"101P.-2_3",96,"20221209_M3","M3","P","0"
"20221209_M3.84","G12","101P.-3",3,"101P.-3_3",96,"20221209_M3","M3","P","0"
"20221209_M3.85","H01","blank",8,"blank_8-20221114_M2",96,"20221209_M3","M3","P","0"
"20221209_M3.86","H02","neg",8,"neg_8-20221114_M2",96,"20221209_M3","M3","P","0"
"20221209_M3.87","H03","pos",8,"pos_8-20221114_M2",96,"20221209_M3","M3","P","2"
"20221209_M3.88","H04","98P.-1",4,"98P.-1_4",96,"20221209_M3","M3","P","0"
"20221209_M3.89","H05","98P.-2",4,"98P.-2_4",96,"20221209_M3","M3","P","0"
"20221209_M3.90","H06","98P.-3",4,"98P.-3_4",96,"20221209_M3","M3","P","0"
"20221209_M3.91","H07","100P.-1",4,"100P.-1_4",96,"20221209_M3","M3","P","0"
"20221209_M3.92","H08","100P.-2",4,"100P.-2_4",96,"20221209_M3","M3","P","0"
"20221209_M3.93","H09","100P.-3",4,"100P.-3_4",96,"20221209_M3","M3","P","0"
"20221209_M3.94","H10","101P.-1",4,"101P.-1_4",96,"20221209_M3","M3","P","0"
"20221209_M3.95","H11","101P.-2",4,"101P.-2_4",96,"20221209_M3","M3","P","0"
"20221209_M3.96","H12","101P.-3",4,"101P.-3_4",96,"20221209_M3","M3","P","0"
"20221209_M4.1","A01","blank",1,"blank_1-20221114_M2",96,"20221209_M4","M4","P","0"
"20221209_M4.2","A02","neg",1,"neg_1-20221114_M2",96,"20221209_M4","M4","P","0"
"20221209_M4.3","A03","pos",1,"pos_1-20221114_M2",96,"20221209_M4","M4","P","2"
"20221209_M4.4","A04","102P.-1",1,"102P.-1_1",96,"20221209_M4","M4","P","0"
"20221209_M4.5","A05","102P.-2",1,"102P.-2_1",96,"20221209_M4","M4","P","0"
"20221209_M4.6","A06","102P.-3",1,"102P.-3_1",96,"20221209_M4","M4","P","0"
"20221209_M4.7","A07","104P.-1",1,"104P.-1_1",96,"20221209_M4","M4","P","0"
"20221209_M4.8","A08","104P.-2",1,"104P.-2_1",96,"20221209_M4","M4","P","0"
"20221209_M4.9","A09","104P.-3",1,"104P.-3_1",96,"20221209_M4","M4","P","0"
"20221209_M4.10","A10","105P.-1",1,"105P.-1_1",96,"20221209_M4","M4","P","0"
"20221209_M4.11","A11","105P.-2",1,"105P.-2_1",96,"20221209_M4","M4","P","0"
"20221209_M4.12","A12","105P.-3",1,"105P.-3_1",96,"20221209_M4","M4","P","0"
"20221209_M4.13","B01","blank",2,"blank_2-20221114_M2",96,"20221209_M4","M4","P","0"
"20221209_M4.14","B02","neg",2,"neg_2-20221114_M2",96,"20221209_M4","M4","P","0"
"20221209_M4.15","B03","pos",2,"pos_2-20221114_M2",96,"20221209_M4","M4","P","2"
"20221209_M4.16","B04","102P.-1",2,"102P.-1_2",96,"20221209_M4","M4","P","0"
"20221209_M4.17","B05","102P.-2",2,"102P.-2_2",96,"20221209_M4","M4","P","0"
"20221209_M4.18","B06","102P.-3",2,"102P.-3_2",96,"20221209_M4","M4","P","0"
"20221209_M4.19","B07","104P.-1",2,"104P.-1_2",96,"20221209_M4","M4","P","0"
"20221209_M4.20","B08","104P.-2",2,"104P.-2_2",96,"20221209_M4","M4","P","0"
"20221209_M4.21","B09","104P.-3",2,"104P.-3_2",96,"20221209_M4","M4","P","0"
"20221209_M4.22","B10","105P.-1",2,"105P.-1_2",96,"20221209_M4","M4","P","0"
"20221209_M4.23","B11","105P.-2",2,"105P.-2_2",96,"20221209_M4","M4","P","0"
"20221209_M4.24","B12","105P.-3",2,"105P.-3_2",96,"20221209_M4","M4","P","0"
"20221209_M4.25","C01","blank",3,"blank_3-20221114_M2",96,"20221209_M4","M4","P","0"
"20221209_M4.26","C02","neg",3,"neg_3-20221114_M2",96,"20221209_M4","M4","P","0"
"20221209_M4.27","C03","pos",3,"pos_3-20221114_M2",96,"20221209_M4","M4","P","2"
"20221209_M4.28","C04","102P.-1",3,"102P.-1_3",96,"20221209_M4","M4","P","0"
"20221209_M4.29","C05","102P.-2",3,"102P.-2_3",96,"20221209_M4","M4","P","0"
"20221209_M4.30","C06","102P.-3",3,"102P.-3_3",96,"20221209_M4","M4","P","0"
"20221209_M4.31","C07","104P.-1",3,"104P.-1_3",96,"20221209_M4","M4","P","0"
"20221209_M4.32","C08","104P.-2",3,"104P.-2_3",96,"20221209_M4","M4","P","0"
"20221209_M4.33","C09","104P.-3",3,"104P.-3_3",96,"20221209_M4","M4","P","0"
"20221209_M4.34","C10","105P.-1",3,"105P.-1_3",96,"20221209_M4","M4","P","0"
"20221209_M4.35","C11","105P.-2",3,"105P.-2_3",96,"20221209_M4","M4","P","0"
"20221209_M4.36","C12","105P.-3",3,"105P.-3_3",96,"20221209_M4","M4","P","0"
"20221209_M4.37","D01","blank",4,"blank_4-20221114_M2",96,"20221209_M4","M4","P","0"
"20221209_M4.38","D02","neg",4,"neg_4-20221114_M2",96,"20221209_M4","M4","P","0"
"20221209_M4.39","D03","pos",4,"pos_4-20221114_M2",96,"20221209_M4","M4","P","2"
"20221209_M4.40","D04","102P.-1",4,"102P.-1_4",96,"20221209_M4","M4","P","0"
"20221209_M4.41","D05","102P.-2",4,"102P.-2_4",96,"20221209_M4","M4","P","0"
"20221209_M4.42","D06","102P.-3",4,"102P.-3_4",96,"20221209_M4","M4","P","0"
"20221209_M4.43","D07","104P.-1",4,"104P.-1_4",96,"20221209_M4","M4","P","0"
"20221209_M4.44","D08","104P.-2",4,"104P.-2_4",96,"20221209_M4","M4","P","0"
"20221209_M4.45","D09","104P.-3",4,"104P.-3_4",96,"20221209_M4","M4","P","0"
"20221209_M4.46","D10","105P.-1",4,"105P.-1_4",96,"20221209_M4","M4","P","0"
"20221209_M4.47","D11","105P.-2",4,"105P.-2_4",96,"20221209_M4","M4","P","0"
"20221209_M4.48","D12","105P.-3",4,"105P.-3_4",96,"20221209_M4","M4","P","0"
"20221209_M4.49","E01","blank",5,"blank_5-20221114_M2",96,"20221209_M4","M4","P","0"
"20221209_M4.50","E02","neg",5,"neg_5-20221114_M2",96,"20221209_M4","M4","P","0"
"20221209_M4.51","E03","pos",5,"pos_5-20221114_M2",96,"20221209_M4","M4","P","2"
"20221209_M4.52","E04","106P.-1",1,"106P.-1_1",96,"20221209_M4","M4","P","0"
"20221209_M4.53","E05","106P.-2",1,"106P.-2_1",96,"20221209_M4","M4","P","0"
"20221209_M4.55","E07","108P.-1",1,"108P.-1_1",96,"20221209_M4","M4","P","0"
"20221209_M4.56","E08","108P.-2",1,"108P.-2_1",96,"20221209_M4","M4","P","0"
"20221209_M4.58","F01","blank",6,"blank_6-20221115_M4",96,"20221209_M4","M4","P","0"
"20221209_M4.59","F02","neg",6,"neg_6-20221115_M4",96,"20221209_M4","M4","P","0"
"20221209_M4.60","F03","pos",6,"pos_6-20221115_M4",96,"20221209_M4","M4","P","0"
"20221209_M4.61","F04","106P.-1",2,"106P.-1_2",96,"20221209_M4","M4","P","0"
"20221209_M4.62","F05","106P.-2",2,"106P.-2_2",96,"20221209_M4","M4","P","0"
"20221209_M4.64","F07","108P.-1",2,"108P.-1_2",96,"20221209_M4","M4","P","0"
"20221209_M4.65","F08","108P.-2",2,"108P.-2_2",96,"20221209_M4","M4","P","0"
"20221209_M4.67","G01","blank",7,"blank_7-20221115_M4",96,"20221209_M4","M4","P","0"
"20221209_M4.68","G02","neg",7,"neg_7-20221115_M4",96,"20221209_M4","M4","P","0"
"20221209_M4.69","G03","pos",7,"pos_7-20221115_M4",96,"20221209_M4","M4","P","0"
"20221209_M4.70","G04","106P.-1",3,"106P.-1_3",96,"20221209_M4","M4","P","0"
"20221209_M4.71","G05","106P.-2",3,"106P.-2_3",96,"20221209_M4","M4","P","0"
"20221209_M4.73","G07","108P.-1",3,"108P.-1_3",96,"20221209_M4","M4","P","0"
"20221209_M4.74","G08","108P.-2",3,"108P.-2_3",96,"20221209_M4","M4","P","0"
"20221209_M4.76","H01","blank",8,"blank_8-20221115_M4",96,"20221209_M4","M4","P","0"
"20221209_M4.77","H02","neg",8,"neg_8-20221115_M4",96,"20221209_M4","M4","P","0"
"20221209_M4.78","H03","pos",8,"pos_8-20221115_M4",96,"20221209_M4","M4","P","0"
"20221209_M4.79","H04","106P.-1",4,"106P.-1_4",96,"20221209_M4","M4","P","0"
"20221209_M4.80","H05","106P.-2",4,"106P.-2_4",96,"20221209_M4","M4","P","0"
"20221209_M4.82","H07","108P.-1",4,"108P.-1_4",96,"20221209_M4","M4","P","0"
"20221209_M4.83","H08","108P.-2",4,"108P.-2_4",96,"20221209_M4","M4","P","0"
